id,iso_code,location,date,new_cases,new_deaths,reproduction_rate,new_tests,positive_rate,tests_per_case,new_vaccinations,female_smokers,male_smokers,handwashing_facilities,life_expectancy
186132,RWA,Rwanda,2020-03-14,1.0,,,,,,,4.7,21.0,4.617,69.02
186133,RWA,Rwanda,2020-03-15,0.0,,,,,,,4.7,21.0,4.617,69.02
186134,RWA,Rwanda,2020-03-16,4.0,,,,,,,4.7,21.0,4.617,69.02
186135,RWA,Rwanda,2020-03-17,2.0,,,,,,,4.7,21.0,4.617,69.02
186136,RWA,Rwanda,2020-03-18,1.0,,,,,,,4.7,21.0,4.617,69.02
186137,RWA,Rwanda,2020-03-19,0.0,,,,,,,4.7,21.0,4.617,69.02
186138,RWA,Rwanda,2020-03-20,9.0,,,,,,,4.7,21.0,4.617,69.02
186139,RWA,Rwanda,2020-03-21,0.0,,,,,,,4.7,21.0,4.617,69.02
186140,RWA,Rwanda,2020-03-22,2.0,,,,,,,4.7,21.0,4.617,69.02
186141,RWA,Rwanda,2020-03-23,17.0,,,,,,,4.7,21.0,4.617,69.02
186142,RWA,Rwanda,2020-03-24,4.0,,,,,,,4.7,21.0,4.617,69.02
186143,RWA,Rwanda,2020-03-25,1.0,,,,,,,4.7,21.0,4.617,69.02
186144,RWA,Rwanda,2020-03-26,9.0,,,,,,,4.7,21.0,4.617,69.02
186145,RWA,Rwanda,2020-03-27,4.0,,,,,,,4.7,21.0,4.617,69.02
186146,RWA,Rwanda,2020-03-28,6.0,,,,,,,4.7,21.0,4.617,69.02
186147,RWA,Rwanda,2020-03-29,10.0,,,,,,,4.7,21.0,4.617,69.02
186148,RWA,Rwanda,2020-03-30,0.0,,,,,,,4.7,21.0,4.617,69.02
186149,RWA,Rwanda,2020-03-31,5.0,,,,,,,4.7,21.0,4.617,69.02
186150,RWA,Rwanda,2020-04-01,7.0,,,,,,,4.7,21.0,4.617,69.02
186151,RWA,Rwanda,2020-04-02,2.0,,,,,,,4.7,21.0,4.617,69.02
186152,RWA,Rwanda,2020-04-03,5.0,,,,,,,4.7,21.0,4.617,69.02
186153,RWA,Rwanda,2020-04-04,13.0,,,,,,,4.7,21.0,4.617,69.02
186154,RWA,Rwanda,2020-04-05,2.0,,0.45,,,,,4.7,21.0,4.617,69.02
186155,RWA,Rwanda,2020-04-06,1.0,,0.43,,,,,4.7,21.0,4.617,69.02
186156,RWA,Rwanda,2020-04-07,0.0,,0.43,,,,,4.7,21.0,4.617,69.02
186157,RWA,Rwanda,2020-04-08,5.0,,0.46,772.0,,,,4.7,21.0,4.617,69.02
186158,RWA,Rwanda,2020-04-09,0.0,,0.48,720.0,,,,4.7,21.0,4.617,69.02
186159,RWA,Rwanda,2020-04-10,8.0,,0.51,1036.0,,,,4.7,21.0,4.617,69.02
186160,RWA,Rwanda,2020-04-11,2.0,,0.53,842.0,,,,4.7,21.0,4.617,69.02
186161,RWA,Rwanda,2020-04-12,6.0,,0.54,1160.0,,,,4.7,21.0,4.617,69.02
186162,RWA,Rwanda,2020-04-13,1.0,,0.55,901.0,,,,4.7,21.0,4.617,69.02
186163,RWA,Rwanda,2020-04-14,7.0,,0.58,983.0,0.0045,221.1,,4.7,21.0,4.617,69.02
186164,RWA,Rwanda,2020-04-15,2.0,,0.59,923.0,0.004,252.6,,4.7,21.0,4.617,69.02
186165,RWA,Rwanda,2020-04-16,2.0,,0.61,664.0,0.0043,232.5,,4.7,21.0,4.617,69.02
186166,RWA,Rwanda,2020-04-17,5.0,,0.63,760.0,0.004,249.2,,4.7,21.0,4.617,69.02
186167,RWA,Rwanda,2020-04-18,1.0,,0.63,712.0,0.0039,254.3,,4.7,21.0,4.617,69.02
186168,RWA,Rwanda,2020-04-19,3.0,,0.65,722.0,0.0037,269.7,,4.7,21.0,4.617,69.02
186169,RWA,Rwanda,2020-04-20,0.0,,0.67,1299.0,0.0033,303.1,,4.7,21.0,4.617,69.02
186170,RWA,Rwanda,2020-04-21,3.0,,0.72,1449.0,0.0025,408.1,,4.7,21.0,4.617,69.02
186171,RWA,Rwanda,2020-04-22,3.0,,0.77,1038.0,0.0026,390.7,,4.7,21.0,4.617,69.02
186172,RWA,Rwanda,2020-04-23,1.0,,0.82,1343.0,0.0022,457.6,,4.7,21.0,4.617,69.02
186173,RWA,Rwanda,2020-04-24,22.0,,0.89,1046.0,0.0043,230.6,,4.7,21.0,4.617,69.02
186174,RWA,Rwanda,2020-04-25,7.0,,0.96,1275.0,0.0048,209.5,,4.7,21.0,4.617,69.02
186175,RWA,Rwanda,2020-04-26,8.0,,1.01,1025.0,0.0052,192.7,,4.7,21.0,4.617,69.02
186176,RWA,Rwanda,2020-04-27,16.0,,1.06,1214.0,0.0071,139.9,,4.7,21.0,4.617,69.02
186177,RWA,Rwanda,2020-04-28,5.0,,1.05,1505.0,0.0073,136.3,,4.7,21.0,4.617,69.02
186178,RWA,Rwanda,2020-04-29,13.0,,1.05,1705.0,0.0079,126.6,,4.7,21.0,4.617,69.02
186179,RWA,Rwanda,2020-04-30,18.0,,1.02,1140.0,0.01,100.1,,4.7,21.0,4.617,69.02
186180,RWA,Rwanda,2020-05-01,6.0,,0.94,1365.0,0.0079,126.4,,4.7,21.0,4.617,69.02
186181,RWA,Rwanda,2020-05-02,6.0,,0.86,1197.0,0.0079,127.1,,4.7,21.0,4.617,69.02
186182,RWA,Rwanda,2020-05-03,4.0,,0.79,1047.0,0.0074,134.9,,4.7,21.0,4.617,69.02
186183,RWA,Rwanda,2020-05-04,2.0,,0.74,746.0,0.0062,161.3,,4.7,21.0,4.617,69.02
186184,RWA,Rwanda,2020-05-05,0.0,,0.72,896.0,0.0061,165.3,,4.7,21.0,4.617,69.02
186185,RWA,Rwanda,2020-05-06,7.0,,0.73,1323.0,0.0056,179.4,,4.7,21.0,4.617,69.02
186186,RWA,Rwanda,2020-05-07,3.0,,0.72,1519.0,0.0035,289.0,,4.7,21.0,4.617,69.02
186187,RWA,Rwanda,2020-05-08,2.0,,0.72,1353.0,0.003,336.5,,4.7,21.0,4.617,69.02
186188,RWA,Rwanda,2020-05-09,7.0,,0.72,1198.0,0.0031,323.4,,4.7,21.0,4.617,69.02
186189,RWA,Rwanda,2020-05-10,4.0,,0.69,1040.0,0.0031,323.2,,4.7,21.0,4.617,69.02
186190,RWA,Rwanda,2020-05-11,1.0,,0.67,380.0,0.0031,321.1,,4.7,21.0,4.617,69.02
186191,RWA,Rwanda,2020-05-12,1.0,,0.68,574.0,0.0034,295.4,,4.7,21.0,4.617,69.02
186192,RWA,Rwanda,2020-05-13,1.0,,0.71,866.0,0.0027,364.8,,4.7,21.0,4.617,69.02
186193,RWA,Rwanda,2020-05-14,0.0,,0.76,895.0,0.0025,394.1,,4.7,21.0,4.617,69.02
186194,RWA,Rwanda,2020-05-15,0.0,,0.84,1058.0,0.0023,429.5,,4.7,21.0,4.617,69.02
186195,RWA,Rwanda,2020-05-16,2.0,,0.94,2041.0,0.0013,761.3,,4.7,21.0,4.617,69.02
186196,RWA,Rwanda,2020-05-17,3.0,,1.05,1135.0,0.0012,868.8,,4.7,21.0,4.617,69.02
186197,RWA,Rwanda,2020-05-18,5.0,,1.17,1744.0,0.0014,693.1,,4.7,21.0,4.617,69.02
186198,RWA,Rwanda,2020-05-19,11.0,,1.26,1217.0,0.0025,406.9,,4.7,21.0,4.617,69.02
186199,RWA,Rwanda,2020-05-20,6.0,,1.25,982.0,0.003,336.0,,4.7,21.0,4.617,69.02
186200,RWA,Rwanda,2020-05-21,6.0,,1.22,1083.0,0.0036,280.7,,4.7,21.0,4.617,69.02
186201,RWA,Rwanda,2020-05-22,1.0,,1.19,1568.0,0.0035,287.4,,4.7,21.0,4.617,69.02
186202,RWA,Rwanda,2020-05-23,4.0,,1.19,1109.0,0.0041,245.6,,4.7,21.0,4.617,69.02
186203,RWA,Rwanda,2020-05-24,2.0,,1.19,1400.0,0.0038,260.0,,4.7,21.0,4.617,69.02
186204,RWA,Rwanda,2020-05-25,9.0,,1.24,892.0,0.0047,211.6,,4.7,21.0,4.617,69.02
186205,RWA,Rwanda,2020-05-26,3.0,,1.24,1074.0,0.0038,261.5,,4.7,21.0,4.617,69.02
186206,RWA,Rwanda,2020-05-27,7.0,,1.28,2059.0,0.0035,287.0,,4.7,21.0,4.617,69.02
186207,RWA,Rwanda,2020-05-28,3.0,,1.29,1766.0,0.0029,340.3,,4.7,21.0,4.617,69.02
186208,RWA,Rwanda,2020-05-29,6.0,,1.33,1340.0,0.0035,283.5,,4.7,21.0,4.617,69.02
186209,RWA,Rwanda,2020-05-30,4.0,1.0,1.35,1368.0,0.0034,291.1,,4.7,21.0,4.617,69.02
186210,RWA,Rwanda,2020-05-31,11.0,0.0,1.4,1092.0,0.0045,223.0,,4.7,21.0,4.617,69.02
186211,RWA,Rwanda,2020-06-01,7.0,0.0,1.42,1083.0,0.0042,238.5,,4.7,21.0,4.617,69.02
186212,RWA,Rwanda,2020-06-02,7.0,1.0,1.45,957.0,0.0047,214.8,,4.7,21.0,4.617,69.02
186213,RWA,Rwanda,2020-06-03,13.0,0.0,1.49,1033.0,0.0059,169.4,,4.7,21.0,4.617,69.02
186214,RWA,Rwanda,2020-06-04,13.0,0.0,1.49,1369.0,0.0074,135.1,,4.7,21.0,4.617,69.02
186215,RWA,Rwanda,2020-06-05,10.0,0.0,1.48,1558.0,0.0077,130.2,,4.7,21.0,4.617,69.02
186216,RWA,Rwanda,2020-06-06,11.0,0.0,1.45,945.0,0.009,111.6,,4.7,21.0,4.617,69.02
186217,RWA,Rwanda,2020-06-07,8.0,0.0,1.44,1318.0,0.0084,119.7,,4.7,21.0,4.617,69.02
186218,RWA,Rwanda,2020-06-08,12.0,0.0,1.45,1928.0,0.0081,123.1,,4.7,21.0,4.617,69.02
186219,RWA,Rwanda,2020-06-09,12.0,0.0,1.48,1870.0,0.0079,126.9,,4.7,21.0,4.617,69.02
186220,RWA,Rwanda,2020-06-10,13.0,0.0,1.52,2110.0,0.0071,140.4,,4.7,21.0,4.617,69.02
186221,RWA,Rwanda,2020-06-11,18.0,0.0,1.56,1790.0,0.0073,137.2,,4.7,21.0,4.617,69.02
186222,RWA,Rwanda,2020-06-12,16.0,0.0,1.58,1584.0,0.0078,128.3,,4.7,21.0,4.617,69.02
186223,RWA,Rwanda,2020-06-13,31.0,0.0,1.59,2043.0,0.0087,114.9,,4.7,21.0,4.617,69.02
186224,RWA,Rwanda,2020-06-14,41.0,0.0,1.56,3495.0,0.0096,103.6,,4.7,21.0,4.617,69.02
186225,RWA,Rwanda,2020-06-15,30.0,0.0,1.48,2908.0,0.0102,98.1,,4.7,21.0,4.617,69.02
186226,RWA,Rwanda,2020-06-16,24.0,0.0,1.41,2742.0,0.0104,96.4,,4.7,21.0,4.617,69.02
186227,RWA,Rwanda,2020-06-17,3.0,0.0,1.35,2508.0,0.0095,104.7,,4.7,21.0,4.617,69.02
186228,RWA,Rwanda,2020-06-18,7.0,0.0,1.34,2547.0,0.0085,117.3,,4.7,21.0,4.617,69.02
186229,RWA,Rwanda,2020-06-19,15.0,0.0,1.35,3033.0,0.0078,127.7,,4.7,21.0,4.617,69.02
186230,RWA,Rwanda,2020-06-20,41.0,0.0,1.38,3116.0,0.0079,126.4,,4.7,21.0,4.617,69.02
186231,RWA,Rwanda,2020-06-21,26.0,0.0,1.36,3252.0,0.0073,137.7,,4.7,21.0,4.617,69.02
186232,RWA,Rwanda,2020-06-22,59.0,0.0,1.35,2287.0,0.009,111.4,,4.7,21.0,4.617,69.02
186233,RWA,Rwanda,2020-06-23,11.0,0.0,1.3,4568.0,0.0076,131.5,,4.7,21.0,4.617,69.02
186234,RWA,Rwanda,2020-06-24,32.0,0.0,1.27,3415.0,0.0086,116.3,,4.7,21.0,4.617,69.02
186235,RWA,Rwanda,2020-06-25,20.0,0.0,1.24,4757.0,0.0084,119.8,,4.7,21.0,4.617,69.02
186236,RWA,Rwanda,2020-06-26,8.0,0.0,1.22,3763.0,0.0078,127.7,,4.7,21.0,4.617,69.02
186237,RWA,Rwanda,2020-06-27,20.0,0.0,1.23,4702.0,0.0066,152.0,,4.7,21.0,4.617,69.02
186238,RWA,Rwanda,2020-06-28,22.0,0.0,1.26,3002.0,0.0065,154.0,,4.7,21.0,4.617,69.02
186239,RWA,Rwanda,2020-06-29,101.0,0.0,1.3,2498.0,0.008,124.8,,4.7,21.0,4.617,69.02
186240,RWA,Rwanda,2020-06-30,24.0,0.0,1.22,3694.0,0.0088,113.8,,4.7,21.0,4.617,69.02
186241,RWA,Rwanda,2020-07-01,17.0,1.0,1.15,3961.0,0.008,124.4,,4.7,21.0,4.617,69.02
186242,RWA,Rwanda,2020-07-02,21.0,0.0,1.1,3737.0,0.0084,119.0,,4.7,21.0,4.617,69.02
186243,RWA,Rwanda,2020-07-03,18.0,0.0,1.07,2216.0,0.0094,106.8,,4.7,21.0,4.617,69.02
186244,RWA,Rwanda,2020-07-04,11.0,0.0,1.04,3414.0,0.0095,105.2,,4.7,21.0,4.617,69.02
186245,RWA,Rwanda,2020-07-05,13.0,0.0,1.04,3279.0,0.009,111.2,,4.7,21.0,4.617,69.02
186246,RWA,Rwanda,2020-07-06,8.0,0.0,1.07,2834.0,0.0048,206.6,,4.7,21.0,4.617,69.02
186247,RWA,Rwanda,2020-07-07,59.0,0.0,1.15,2871.0,0.0066,151.8,,4.7,21.0,4.617,69.02
186248,RWA,Rwanda,2020-07-08,22.0,0.0,1.16,2644.0,0.0072,138.1,,4.7,21.0,4.617,69.02
186249,RWA,Rwanda,2020-07-09,16.0,0.0,1.17,3463.0,0.0071,141.0,,4.7,21.0,4.617,69.02
186250,RWA,Rwanda,2020-07-10,42.0,0.0,1.2,3898.0,0.0076,131.0,,4.7,21.0,4.617,69.02
186251,RWA,Rwanda,2020-07-11,47.0,1.0,1.2,4060.0,0.009,111.4,,4.7,21.0,4.617,69.02
186252,RWA,Rwanda,2020-07-12,38.0,0.0,1.17,3021.0,0.0102,98.2,,4.7,21.0,4.617,69.02
186253,RWA,Rwanda,2020-07-13,41.0,0.0,1.15,3333.0,0.0114,87.9,,4.7,21.0,4.617,69.02
186254,RWA,Rwanda,2020-07-14,38.0,0.0,1.14,5705.0,0.0093,107.1,,4.7,21.0,4.617,69.02
186255,RWA,Rwanda,2020-07-15,19.0,0.0,1.12,2423.0,0.0093,107.5,,4.7,21.0,4.617,69.02
186256,RWA,Rwanda,2020-07-16,38.0,0.0,1.12,5556.0,0.0094,106.4,,4.7,21.0,4.617,69.02
186257,RWA,Rwanda,2020-07-17,12.0,0.0,1.1,3432.0,0.0085,118.2,,4.7,21.0,4.617,69.02
186258,RWA,Rwanda,2020-07-18,54.0,1.0,1.11,3232.0,0.009,111.3,,4.7,21.0,4.617,69.02
186259,RWA,Rwanda,2020-07-19,43.0,0.0,1.1,3214.0,0.0091,109.8,,4.7,21.0,4.617,69.02
186260,RWA,Rwanda,2020-07-20,47.0,0.0,1.07,3764.0,0.0092,108.9,,4.7,21.0,4.617,69.02
186261,RWA,Rwanda,2020-07-21,26.0,0.0,1.06,7039.0,0.0083,119.9,,4.7,21.0,4.617,69.02
186262,RWA,Rwanda,2020-07-22,34.0,0.0,1.05,4613.0,0.0082,121.5,,4.7,21.0,4.617,69.02
186263,RWA,Rwanda,2020-07-23,21.0,0.0,1.04,5534.0,0.0077,130.1,,4.7,21.0,4.617,69.02
186264,RWA,Rwanda,2020-07-24,19.0,0.0,1.03,2491.0,0.0082,122.5,,4.7,21.0,4.617,69.02
186265,RWA,Rwanda,2020-07-25,23.0,0.0,1.05,4330.0,0.0069,145.5,,4.7,21.0,4.617,69.02
186266,RWA,Rwanda,2020-07-26,69.0,0.0,1.08,4122.0,0.0075,133.4,,4.7,21.0,4.617,69.02
186267,RWA,Rwanda,2020-07-27,58.0,0.0,1.06,6165.0,0.0073,137.2,,4.7,21.0,4.617,69.02
186268,RWA,Rwanda,2020-07-28,47.0,0.0,1.03,3521.0,0.0088,113.6,,4.7,21.0,4.617,69.02
186269,RWA,Rwanda,2020-07-29,37.0,0.0,0.99,4144.0,0.009,110.6,,4.7,21.0,4.617,69.02
186270,RWA,Rwanda,2020-07-30,31.0,0.0,0.94,4066.0,0.0098,101.6,,4.7,21.0,4.617,69.02
186271,RWA,Rwanda,2020-07-31,28.0,0.0,0.88,3374.0,0.0099,101.4,,4.7,21.0,4.617,69.02
186272,RWA,Rwanda,2020-08-01,20.0,0.0,0.84,5862.0,0.0093,107.8,,4.7,21.0,4.617,69.02
186273,RWA,Rwanda,2020-08-02,20.0,0.0,0.8,2633.0,0.0081,123.5,,4.7,21.0,4.617,69.02
186274,RWA,Rwanda,2020-08-03,30.0,0.0,0.79,3491.0,0.0079,127.2,,4.7,21.0,4.617,69.02
186275,RWA,Rwanda,2020-08-04,7.0,0.0,0.78,3072.0,0.0065,154.0,,4.7,21.0,4.617,69.02
186276,RWA,Rwanda,2020-08-05,5.0,0.0,0.79,4598.0,0.0052,192.2,,4.7,21.0,4.617,69.02
186277,RWA,Rwanda,2020-08-06,7.0,0.0,0.83,3196.0,0.0045,224.2,,4.7,21.0,4.617,69.02
186278,RWA,Rwanda,2020-08-07,17.0,0.0,0.87,2902.0,0.0041,243.0,,4.7,21.0,4.617,69.02
186279,RWA,Rwanda,2020-08-08,6.0,1.0,0.92,4452.0,0.0038,264.6,,4.7,21.0,4.617,69.02
186280,RWA,Rwanda,2020-08-09,6.0,1.0,1.0,5175.0,0.0029,344.7,,4.7,21.0,4.617,69.02
186281,RWA,Rwanda,2020-08-10,12.0,0.0,1.12,5720.0,0.0021,485.2,,4.7,21.0,4.617,69.02
186282,RWA,Rwanda,2020-08-11,19.0,0.0,1.27,5153.0,0.0023,433.3,,4.7,21.0,4.617,69.02
186283,RWA,Rwanda,2020-08-12,18.0,1.0,1.42,4886.0,0.0027,370.4,,4.7,21.0,4.617,69.02
186284,RWA,Rwanda,2020-08-13,11.0,0.0,1.58,4756.0,0.0027,371.3,,4.7,21.0,4.617,69.02
186285,RWA,Rwanda,2020-08-14,93.0,0.0,1.76,4610.0,0.0047,210.6,,4.7,21.0,4.617,69.02
186286,RWA,Rwanda,2020-08-15,59.0,0.0,1.79,5569.0,0.0061,164.5,,4.7,21.0,4.617,69.02
186287,RWA,Rwanda,2020-08-16,101.0,0.0,1.79,4796.0,0.0088,113.4,,4.7,21.0,4.617,69.02
186288,RWA,Rwanda,2020-08-17,87.0,0.0,1.74,4018.0,0.0115,87.1,,4.7,21.0,4.617,69.02
186289,RWA,Rwanda,2020-08-18,37.0,2.0,1.69,4326.0,0.0123,81.2,,4.7,21.0,4.617,69.02
186290,RWA,Rwanda,2020-08-19,67.0,0.0,1.68,3306.0,0.0145,69.0,,4.7,21.0,4.617,69.02
186291,RWA,Rwanda,2020-08-20,73.0,1.0,1.67,5463.0,0.0161,62.1,,4.7,21.0,4.617,69.02
186292,RWA,Rwanda,2020-08-21,63.0,0.0,1.65,5700.0,0.0147,68.1,,4.7,21.0,4.617,69.02
186293,RWA,Rwanda,2020-08-22,109.0,0.0,1.67,4759.0,0.0166,60.3,,4.7,21.0,4.617,69.02
186294,RWA,Rwanda,2020-08-23,200.0,1.0,1.66,6402.0,0.0187,53.4,,4.7,21.0,4.617,69.02
186295,RWA,Rwanda,2020-08-24,217.0,2.0,1.6,3642.0,0.0228,43.9,,4.7,21.0,4.617,69.02
186296,RWA,Rwanda,2020-08-25,231.0,1.0,1.49,6128.0,0.0271,36.9,,4.7,21.0,4.617,69.02
186297,RWA,Rwanda,2020-08-26,88.0,0.0,1.35,5467.0,0.0261,38.3,,4.7,21.0,4.617,69.02
186298,RWA,Rwanda,2020-08-27,47.0,0.0,1.24,4597.0,0.026,38.4,,4.7,21.0,4.617,69.02
186299,RWA,Rwanda,2020-08-28,70.0,1.0,1.15,5159.0,0.0266,37.6,,4.7,21.0,4.617,69.02
186300,RWA,Rwanda,2020-08-29,101.0,0.0,1.08,6163.0,0.0254,39.4,,4.7,21.0,4.617,69.02
186301,RWA,Rwanda,2020-08-30,177.0,0.0,1.02,5544.0,0.0254,39.4,,4.7,21.0,4.617,69.02
186302,RWA,Rwanda,2020-08-31,43.0,0.0,0.93,4763.0,0.02,50.0,,4.7,21.0,4.617,69.02
186303,RWA,Rwanda,2020-09-01,79.0,0.0,0.87,5622.0,0.0162,61.7,,4.7,21.0,4.617,69.02
186304,RWA,Rwanda,2020-09-02,76.0,1.0,0.81,5792.0,0.0158,63.5,,4.7,21.0,4.617,69.02
186305,RWA,Rwanda,2020-09-03,37.0,1.0,0.76,5079.0,0.0153,65.4,,4.7,21.0,4.617,69.02
186306,RWA,Rwanda,2020-09-04,49.0,0.0,0.71,5792.0,0.0145,69.0,,4.7,21.0,4.617,69.02
186307,RWA,Rwanda,2020-09-05,45.0,0.0,0.67,4420.0,0.0137,73.1,,4.7,21.0,4.617,69.02
186308,RWA,Rwanda,2020-09-06,25.0,1.0,0.63,3481.0,0.0101,98.7,,4.7,21.0,4.617,69.02
186309,RWA,Rwanda,2020-09-07,35.0,0.0,0.61,4457.0,0.01,100.1,,4.7,21.0,4.617,69.02
186310,RWA,Rwanda,2020-09-08,30.0,1.0,0.6,3253.0,0.0092,108.7,,4.7,21.0,4.617,69.02
186311,RWA,Rwanda,2020-09-09,21.0,1.0,0.59,3805.0,0.008,125.2,,4.7,21.0,4.617,69.02
186312,RWA,Rwanda,2020-09-10,19.0,1.0,0.6,2838.0,0.008,125.2,,4.7,21.0,4.617,69.02
186313,RWA,Rwanda,2020-09-11,55.0,0.0,0.6,3027.0,0.0091,109.9,,4.7,21.0,4.617,69.02
186314,RWA,Rwanda,2020-09-12,31.0,0.0,0.59,2901.0,0.0091,110.0,,4.7,21.0,4.617,69.02
186315,RWA,Rwanda,2020-09-13,26.0,0.0,0.57,2722.0,0.0094,106.0,,4.7,21.0,4.617,69.02
186316,RWA,Rwanda,2020-09-14,11.0,0.0,0.56,1687.0,0.0095,104.8,,4.7,21.0,4.617,69.02
186317,RWA,Rwanda,2020-09-15,22.0,0.0,0.56,1935.0,0.0098,102.2,,4.7,21.0,4.617,69.02
186318,RWA,Rwanda,2020-09-16,10.0,0.0,0.56,1603.0,0.0104,96.1,,4.7,21.0,4.617,69.02
186319,RWA,Rwanda,2020-09-17,19.0,1.0,0.58,2097.0,0.0109,91.8,,4.7,21.0,4.617,69.02
186320,RWA,Rwanda,2020-09-18,18.0,2.0,0.59,1549.0,0.0095,105.8,,4.7,21.0,4.617,69.02
186321,RWA,Rwanda,2020-09-19,18.0,1.0,0.61,2272.0,0.0089,111.8,,4.7,21.0,4.617,69.02
186322,RWA,Rwanda,2020-09-20,22.0,0.0,0.61,1892.0,0.0092,108.6,,4.7,21.0,4.617,69.02
186323,RWA,Rwanda,2020-09-21,11.0,1.0,0.62,1448.0,0.0094,106.6,,4.7,21.0,4.617,69.02
186324,RWA,Rwanda,2020-09-22,16.0,0.0,0.64,1631.0,0.0091,109.6,,4.7,21.0,4.617,69.02
186325,RWA,Rwanda,2020-09-23,41.0,0.0,0.65,2273.0,0.011,90.8,,4.7,21.0,4.617,69.02
186326,RWA,Rwanda,2020-09-24,10.0,0.0,0.62,2158.0,0.0103,97.2,,4.7,21.0,4.617,69.02
186327,RWA,Rwanda,2020-09-25,9.0,2.0,0.6,1400.0,0.0097,103.0,,4.7,21.0,4.617,69.02
186328,RWA,Rwanda,2020-09-26,13.0,0.0,0.58,1894.0,0.0096,104.1,,4.7,21.0,4.617,69.02
186329,RWA,Rwanda,2020-09-27,9.0,0.0,0.56,2207.0,0.0084,119.4,,4.7,21.0,4.617,69.02
186330,RWA,Rwanda,2020-09-28,12.0,0.0,0.55,1283.0,0.0086,116.8,,4.7,21.0,4.617,69.02
186331,RWA,Rwanda,2020-09-29,4.0,0.0,0.54,2761.0,0.007,142.6,,4.7,21.0,4.617,69.02
186332,RWA,Rwanda,2020-09-30,4.0,0.0,0.53,2807.0,0.0042,237.9,,4.7,21.0,4.617,69.02
186333,RWA,Rwanda,2020-10-01,3.0,0.0,0.55,2583.0,0.0036,276.6,,4.7,21.0,4.617,69.02
186334,RWA,Rwanda,2020-10-02,4.0,0.0,0.58,1873.0,0.0032,314.4,,4.7,21.0,4.617,69.02
186335,RWA,Rwanda,2020-10-03,5.0,0.0,0.62,2568.0,0.0025,392.2,,4.7,21.0,4.617,69.02
186336,RWA,Rwanda,2020-10-04,14.0,0.0,0.66,1853.0,0.0029,342.0,,4.7,21.0,4.617,69.02
186337,RWA,Rwanda,2020-10-05,1.0,0.0,0.67,1988.0,0.0021,469.6,,4.7,21.0,4.617,69.02
186338,RWA,Rwanda,2020-10-06,6.0,0.0,0.71,1306.0,0.0025,404.8,,4.7,21.0,4.617,69.02
186339,RWA,Rwanda,2020-10-07,10.0,0.0,0.74,3219.0,0.0028,358.0,,4.7,21.0,4.617,69.02
186340,RWA,Rwanda,2020-10-08,2.0,0.0,0.78,1935.0,0.0028,351.0,,4.7,21.0,4.617,69.02
186341,RWA,Rwanda,2020-10-09,5.0,1.0,0.84,963.0,0.0031,321.7,,4.7,21.0,4.617,69.02
186342,RWA,Rwanda,2020-10-10,2.0,0.0,0.9,2668.0,0.0029,348.3,,4.7,21.0,4.617,69.02
186343,RWA,Rwanda,2020-10-11,4.0,1.0,0.99,2239.0,0.0021,477.1,,4.7,21.0,4.617,69.02
186344,RWA,Rwanda,2020-10-12,9.0,1.0,1.09,2149.0,0.0026,380.9,,4.7,21.0,4.617,69.02
186345,RWA,Rwanda,2020-10-13,3.0,0.0,1.18,,0.0023,430.8,,4.7,21.0,4.617,69.02
186346,RWA,Rwanda,2020-10-14,32.0,1.0,1.29,,0.0041,241.4,,4.7,21.0,4.617,69.02
186347,RWA,Rwanda,2020-10-15,13.0,0.0,1.27,,0.005,202.0,,4.7,21.0,4.617,69.02
186348,RWA,Rwanda,2020-10-16,12.0,1.0,1.23,3450.0,0.0046,216.4,,4.7,21.0,4.617,69.02
186349,RWA,Rwanda,2020-10-17,6.0,0.0,1.2,2224.0,0.005,199.7,,4.7,21.0,4.617,69.02
186350,RWA,Rwanda,2020-10-18,3.0,0.0,1.18,1881.0,0.0051,197.7,,4.7,21.0,4.617,69.02
186351,RWA,Rwanda,2020-10-19,18.0,0.0,1.21,1373.0,0.0059,168.3,,4.7,21.0,4.617,69.02
186352,RWA,Rwanda,2020-10-20,4.0,0.0,1.2,997.0,0.0064,156.1,,4.7,21.0,4.617,69.02
186353,RWA,Rwanda,2020-10-21,16.0,0.0,1.21,1306.0,0.0055,182.5,,4.7,21.0,4.617,69.02
186354,RWA,Rwanda,2020-10-22,5.0,0.0,1.24,2051.0,0.0048,207.5,,4.7,21.0,4.617,69.02
186355,RWA,Rwanda,2020-10-23,35.0,0.0,1.28,2086.0,0.0073,137.0,,4.7,21.0,4.617,69.02
186356,RWA,Rwanda,2020-10-24,8.0,0.0,1.23,3698.0,0.0066,150.5,,4.7,21.0,4.617,69.02
186357,RWA,Rwanda,2020-10-25,6.0,0.0,1.19,1282.0,0.0072,139.1,,4.7,21.0,4.617,69.02
186358,RWA,Rwanda,2020-10-26,7.0,0.0,1.18,,0.0066,151.7,,4.7,21.0,4.617,69.02
186359,RWA,Rwanda,2020-10-27,11.0,1.0,1.2,,0.0072,138.2,,4.7,21.0,4.617,69.02
186360,RWA,Rwanda,2020-10-28,45.0,0.0,1.21,1594.0,0.0094,106.4,,4.7,21.0,4.617,69.02
186361,RWA,Rwanda,2020-10-29,2.0,0.0,1.13,,0.0094,105.9,,4.7,21.0,4.617,69.02
186362,RWA,Rwanda,2020-10-30,3.0,0.0,1.07,,0.007,142.1,,4.7,21.0,4.617,69.02
186363,RWA,Rwanda,2020-10-31,3.0,0.0,1.06,1810.0,0.0079,126.8,,4.7,21.0,4.617,69.02
186364,RWA,Rwanda,2020-11-01,9.0,0.0,1.07,1848.0,0.0077,129.1,,4.7,21.0,4.617,69.02
186365,RWA,Rwanda,2020-11-02,9.0,0.0,1.09,1443.0,0.0075,133.0,,4.7,21.0,4.617,69.02
186366,RWA,Rwanda,2020-11-03,7.0,0.0,1.13,1310.0,0.0069,145.5,,4.7,21.0,4.617,69.02
186367,RWA,Rwanda,2020-11-04,12.0,0.0,1.17,1604.0,0.004,252.4,,4.7,21.0,4.617,69.02
186368,RWA,Rwanda,2020-11-05,18.0,1.0,1.24,980.0,0.0057,174.9,,4.7,21.0,4.617,69.02
186369,RWA,Rwanda,2020-11-06,16.0,0.0,1.27,1805.0,0.0069,146.0,,4.7,21.0,4.617,69.02
186370,RWA,Rwanda,2020-11-07,5.0,0.0,1.3,1333.0,0.0074,135.9,,4.7,21.0,4.617,69.02
186371,RWA,Rwanda,2020-11-08,9.0,0.0,1.36,2859.0,0.0067,149.1,,4.7,21.0,4.617,69.02
186372,RWA,Rwanda,2020-11-09,20.0,2.0,1.45,1741.0,0.0075,133.7,,4.7,21.0,4.617,69.02
186373,RWA,Rwanda,2020-11-10,20.0,2.0,1.51,1293.0,0.0086,116.1,,4.7,21.0,4.617,69.02
186374,RWA,Rwanda,2020-11-11,50.0,1.0,1.56,2974.0,0.0106,94.1,,4.7,21.0,4.617,69.02
186375,RWA,Rwanda,2020-11-12,7.0,0.0,1.55,,0.0088,113.3,,4.7,21.0,4.617,69.02
186376,RWA,Rwanda,2020-11-13,43.0,1.0,1.57,,0.0103,97.2,,4.7,21.0,4.617,69.02
186377,RWA,Rwanda,2020-11-14,32.0,0.0,1.54,,0.0113,88.6,,4.7,21.0,4.617,69.02
186378,RWA,Rwanda,2020-11-15,61.0,3.0,1.51,,0.015,66.8,,4.7,21.0,4.617,69.02
186379,RWA,Rwanda,2020-11-16,36.0,0.0,1.43,,0.0154,65.1,,4.7,21.0,4.617,69.02
186380,RWA,Rwanda,2020-11-17,16.0,1.0,1.36,,0.0142,70.6,,4.7,21.0,4.617,69.02
186381,RWA,Rwanda,2020-11-18,36.0,0.0,1.31,,0.0138,72.4,,4.7,21.0,4.617,69.02
186382,RWA,Rwanda,2020-11-19,29.0,0.0,1.28,,0.0151,66.1,,4.7,21.0,4.617,69.02
186383,RWA,Rwanda,2020-11-20,14.0,0.0,1.25,,0.0125,80.0,,4.7,21.0,4.617,69.02
186384,RWA,Rwanda,2020-11-21,34.0,0.0,1.26,,0.0118,84.6,,4.7,21.0,4.617,69.02
186385,RWA,Rwanda,2020-11-22,45.0,1.0,1.26,,0.0103,96.7,,4.7,21.0,4.617,69.02
186386,RWA,Rwanda,2020-11-23,61.0,0.0,1.25,2541.0,0.0115,87.1,,4.7,21.0,4.617,69.02
186387,RWA,Rwanda,2020-11-24,24.0,0.0,1.2,2084.0,0.012,83.0,,4.7,21.0,4.617,69.02
186388,RWA,Rwanda,2020-11-25,29.0,0.0,1.17,2317.0,0.0117,85.2,,4.7,21.0,4.617,69.02
186389,RWA,Rwanda,2020-11-26,72.0,0.0,1.16,2583.0,0.0137,72.7,,4.7,21.0,4.617,69.02
186390,RWA,Rwanda,2020-11-27,21.0,0.0,1.11,2991.0,0.0145,68.8,,4.7,21.0,4.617,69.02
186391,RWA,Rwanda,2020-11-28,19.0,0.0,1.08,2761.0,0.0144,69.6,,4.7,21.0,4.617,69.02
186392,RWA,Rwanda,2020-11-29,28.0,1.0,1.06,2054.0,0.0147,68.2,,4.7,21.0,4.617,69.02
186393,RWA,Rwanda,2020-11-30,15.0,1.0,1.06,2042.0,0.0124,80.9,,4.7,21.0,4.617,69.02
186394,RWA,Rwanda,2020-12-01,14.0,0.0,1.08,2196.0,0.0117,85.6,,4.7,21.0,4.617,69.02
186395,RWA,Rwanda,2020-12-02,46.0,1.0,1.12,2820.0,0.0123,81.1,,4.7,21.0,4.617,69.02
186396,RWA,Rwanda,2020-12-03,17.0,0.0,1.16,2467.0,0.0092,108.3,,4.7,21.0,4.617,69.02
186397,RWA,Rwanda,2020-12-04,32.0,1.0,1.22,3712.0,0.0095,105.6,,4.7,21.0,4.617,69.02
186398,RWA,Rwanda,2020-12-05,41.0,0.0,1.28,3662.0,0.0102,98.2,,4.7,21.0,4.617,69.02
186399,RWA,Rwanda,2020-12-06,45.0,0.0,1.32,,0.0106,93.9,,4.7,21.0,4.617,69.02
186400,RWA,Rwanda,2020-12-07,62.0,0.0,1.37,,0.0125,79.8,,4.7,21.0,4.617,69.02
186401,RWA,Rwanda,2020-12-08,46.0,0.0,1.39,2182.0,0.0141,70.9,,4.7,21.0,4.617,69.02
186402,RWA,Rwanda,2020-12-09,41.0,2.0,1.41,3855.0,0.0132,75.8,,4.7,21.0,4.617,69.02
186403,RWA,Rwanda,2020-12-10,71.0,0.0,1.46,3654.0,0.0149,67.2,,4.7,21.0,4.617,69.02
186404,RWA,Rwanda,2020-12-11,79.0,1.0,1.49,3673.0,0.017,58.9,,4.7,21.0,4.617,69.02
186405,RWA,Rwanda,2020-12-12,100.0,2.0,1.51,3642.0,0.0196,51.0,,4.7,21.0,4.617,69.02
186406,RWA,Rwanda,2020-12-13,131.0,0.0,1.49,,0.0232,43.0,,4.7,21.0,4.617,69.02
186407,RWA,Rwanda,2020-12-14,88.0,0.0,1.44,,0.0242,41.3,,4.7,21.0,4.617,69.02
186408,RWA,Rwanda,2020-12-15,85.0,1.0,1.4,,0.0251,39.9,,4.7,21.0,4.617,69.02
186409,RWA,Rwanda,2020-12-16,122.0,0.0,1.36,,0.0296,33.8,,4.7,21.0,4.617,69.02
186410,RWA,Rwanda,2020-12-17,78.0,0.0,1.31,2561.0,0.0314,31.9,,4.7,21.0,4.617,69.02
186411,RWA,Rwanda,2020-12-18,73.0,0.0,1.28,3054.0,0.032,31.2,,4.7,21.0,4.617,69.02
186412,RWA,Rwanda,2020-12-19,127.0,2.0,1.26,,0.0332,30.1,,4.7,21.0,4.617,69.02
186413,RWA,Rwanda,2020-12-20,61.0,4.0,1.22,,0.0289,34.6,,4.7,21.0,4.617,69.02
186414,RWA,Rwanda,2020-12-21,109.0,2.0,1.2,,0.0289,34.6,,4.7,21.0,4.617,69.02
186415,RWA,Rwanda,2020-12-22,109.0,1.0,1.18,,0.0292,34.2,,4.7,21.0,4.617,69.02
186416,RWA,Rwanda,2020-12-23,87.0,0.0,1.15,,0.027,37.1,,4.7,21.0,4.617,69.02
186417,RWA,Rwanda,2020-12-24,72.0,3.0,1.14,,0.0256,39.0,,4.7,21.0,4.617,69.02
186418,RWA,Rwanda,2020-12-25,73.0,0.0,1.14,,0.0232,43.1,,4.7,21.0,4.617,69.02
186419,RWA,Rwanda,2020-12-26,74.0,3.0,1.15,,0.0199,50.3,,4.7,21.0,4.617,69.02
186420,RWA,Rwanda,2020-12-27,153.0,2.0,1.16,2174.0,0.0243,41.2,,4.7,21.0,4.617,69.02
186421,RWA,Rwanda,2020-12-28,51.0,1.0,1.15,2502.0,0.0232,43.2,,4.7,21.0,4.617,69.02
186422,RWA,Rwanda,2020-12-29,107.0,4.0,1.16,2549.0,0.024,41.6,,4.7,21.0,4.617,69.02
186423,RWA,Rwanda,2020-12-30,122.0,7.0,1.17,2913.0,0.0261,38.4,,4.7,21.0,4.617,69.02
186424,RWA,Rwanda,2020-12-31,133.0,6.0,1.18,3409.0,0.0287,34.8,,4.7,21.0,4.617,69.02
186425,RWA,Rwanda,2021-01-01,77.0,2.0,1.17,,0.0322,31.0,,4.7,21.0,4.617,69.02
186426,RWA,Rwanda,2021-01-02,107.0,4.0,1.19,,0.0382,26.2,,4.7,21.0,4.617,69.02
186427,RWA,Rwanda,2021-01-03,109.0,3.0,1.2,,0.0344,29.1,,4.7,21.0,4.617,69.02
186428,RWA,Rwanda,2021-01-04,172.0,4.0,1.21,,0.0393,25.5,,4.7,21.0,4.617,69.02
186429,RWA,Rwanda,2021-01-05,107.0,5.0,1.2,,0.0384,26.1,,4.7,21.0,4.617,69.02
186430,RWA,Rwanda,2021-01-06,103.0,2.0,1.21,4216.0,0.0354,28.3,,4.7,21.0,4.617,69.02
186431,RWA,Rwanda,2021-01-07,167.0,1.0,1.23,,0.0339,29.5,,4.7,21.0,4.617,69.02
186432,RWA,Rwanda,2021-01-08,143.0,2.0,1.23,,0.0334,30.0,,4.7,21.0,4.617,69.02
186433,RWA,Rwanda,2021-01-09,93.0,3.0,1.24,4846.0,0.0308,32.4,,4.7,21.0,4.617,69.02
186434,RWA,Rwanda,2021-01-10,169.0,2.0,1.26,4189.0,0.0317,31.6,,4.7,21.0,4.617,69.02
186435,RWA,Rwanda,2021-01-11,154.0,4.0,1.27,2362.0,0.0318,31.5,,4.7,21.0,4.617,69.02
186436,RWA,Rwanda,2021-01-12,166.0,1.0,1.29,1890.0,0.0352,28.4,,4.7,21.0,4.617,69.02
186437,RWA,Rwanda,2021-01-13,172.0,3.0,1.31,1937.0,0.0409,24.5,,4.7,21.0,4.617,69.02
186438,RWA,Rwanda,2021-01-14,194.0,5.0,1.33,2173.0,0.0479,20.9,,4.7,21.0,4.617,69.02
186439,RWA,Rwanda,2021-01-15,257.0,5.0,1.35,6063.0,0.0514,19.5,,4.7,21.0,4.617,69.02
186440,RWA,Rwanda,2021-01-16,277.0,2.0,1.35,5538.0,0.0575,17.4,,4.7,21.0,4.617,69.02
186441,RWA,Rwanda,2021-01-17,182.0,2.0,1.33,,0.0566,17.7,,4.7,21.0,4.617,69.02
186442,RWA,Rwanda,2021-01-18,227.0,4.0,1.32,,0.0541,18.5,,4.7,21.0,4.617,69.02
186443,RWA,Rwanda,2021-01-19,289.0,2.0,1.32,,0.053,18.9,,4.7,21.0,4.617,69.02
186444,RWA,Rwanda,2021-01-20,312.0,5.0,1.31,,0.0526,19.0,,4.7,21.0,4.617,69.02
186445,RWA,Rwanda,2021-01-21,310.0,9.0,1.29,4247.0,0.0528,18.9,,4.7,21.0,4.617,69.02
186446,RWA,Rwanda,2021-01-22,273.0,3.0,1.27,,0.0555,18.0,,4.7,21.0,4.617,69.02
186447,RWA,Rwanda,2021-01-23,204.0,7.0,1.25,,0.0549,18.2,,4.7,21.0,4.617,69.02
186448,RWA,Rwanda,2021-01-24,328.0,2.0,1.24,4715.0,0.0595,16.8,,4.7,21.0,4.617,69.02
186449,RWA,Rwanda,2021-01-25,336.0,3.0,1.22,8293.0,0.0568,17.6,,4.7,21.0,4.617,69.02
186450,RWA,Rwanda,2021-01-26,574.0,4.0,1.2,,0.0578,17.3,,4.7,21.0,4.617,69.02
186451,RWA,Rwanda,2021-01-27,281.0,2.0,1.14,,0.0515,19.4,,4.7,21.0,4.617,69.02
186452,RWA,Rwanda,2021-01-28,363.0,3.0,1.08,4156.0,0.0528,18.9,,4.7,21.0,4.617,69.02
186453,RWA,Rwanda,2021-01-29,255.0,2.0,1.03,5024.0,0.0519,19.3,,4.7,21.0,4.617,69.02
186454,RWA,Rwanda,2021-01-30,334.0,5.0,0.98,6087.0,0.0531,18.8,,4.7,21.0,4.617,69.02
186455,RWA,Rwanda,2021-01-31,186.0,3.0,0.92,21919.0,0.0365,27.4,,4.7,21.0,4.617,69.02
186456,RWA,Rwanda,2021-02-01,155.0,2.0,0.87,3888.0,0.0362,27.6,,4.7,21.0,4.617,69.02
186457,RWA,Rwanda,2021-02-02,229.0,7.0,0.83,,0.0344,29.0,,4.7,21.0,4.617,69.02
186458,RWA,Rwanda,2021-02-03,146.0,3.0,0.81,,0.0368,27.2,,4.7,21.0,4.617,69.02
186459,RWA,Rwanda,2021-02-04,154.0,2.0,0.79,8969.0,0.0291,34.4,,4.7,21.0,4.617,69.02
186460,RWA,Rwanda,2021-02-05,198.0,3.0,0.79,,0.0281,35.6,,4.7,21.0,4.617,69.02
186461,RWA,Rwanda,2021-02-06,151.0,4.0,0.78,,0.025,39.9,,4.7,21.0,4.617,69.02
186462,RWA,Rwanda,2021-02-07,114.0,3.0,0.77,,0.0363,27.5,,4.7,21.0,4.617,69.02
186463,RWA,Rwanda,2021-02-08,170.0,3.0,0.76,,0.0362,27.6,,4.7,21.0,4.617,69.02
186464,RWA,Rwanda,2021-02-09,190.0,3.0,0.75,,0.0326,30.7,,4.7,21.0,4.617,69.02
186465,RWA,Rwanda,2021-02-10,130.0,3.0,0.75,,0.0301,33.2,,4.7,21.0,4.617,69.02
186466,RWA,Rwanda,2021-02-11,127.0,2.0,0.74,3522.0,0.0345,29.0,,4.7,21.0,4.617,69.02
186467,RWA,Rwanda,2021-02-12,132.0,5.0,0.74,,0.033,30.3,,4.7,21.0,4.617,69.02
186468,RWA,Rwanda,2021-02-13,67.0,0.0,0.74,,0.0308,32.5,,4.7,21.0,4.617,69.02
186469,RWA,Rwanda,2021-02-14,76.0,3.0,0.75,4675.0,0.0297,33.7,,4.7,21.0,4.617,69.02
186470,RWA,Rwanda,2021-02-15,141.0,0.0,0.76,2662.0,0.0305,32.8,,4.7,21.0,4.617,69.02
186471,RWA,Rwanda,2021-02-16,110.0,1.0,0.77,4814.0,0.0273,36.6,,4.7,21.0,4.617,69.02
186472,RWA,Rwanda,2021-02-17,122.0,3.0,0.78,4618.0,0.0269,37.2,,4.7,21.0,4.617,69.02
186473,RWA,Rwanda,2021-02-18,119.0,0.0,0.79,4391.0,0.0258,38.8,,4.7,21.0,4.617,69.02
186474,RWA,Rwanda,2021-02-19,94.0,2.0,0.8,4862.0,0.0241,41.6,,4.7,21.0,4.617,69.02
186475,RWA,Rwanda,2021-02-20,59.0,2.0,0.82,4668.0,0.0235,42.6,,4.7,21.0,4.617,69.02
186476,RWA,Rwanda,2021-02-21,65.0,2.0,0.84,4128.0,0.0236,42.5,,4.7,21.0,4.617,69.02
186477,RWA,Rwanda,2021-02-22,146.0,3.0,0.87,2655.0,0.0237,42.1,,4.7,21.0,4.617,69.02
186478,RWA,Rwanda,2021-02-23,126.0,1.0,0.89,5960.0,0.0234,42.8,,4.7,21.0,4.617,69.02
186479,RWA,Rwanda,2021-02-24,118.0,1.0,0.9,5252.0,0.0228,43.9,,4.7,21.0,4.617,69.02
186480,RWA,Rwanda,2021-02-25,110.0,4.0,0.91,4425.0,0.0225,44.5,,4.7,21.0,4.617,69.02
186481,RWA,Rwanda,2021-02-26,136.0,0.0,0.91,4163.0,0.0243,41.1,,4.7,21.0,4.617,69.02
186482,RWA,Rwanda,2021-02-27,101.0,3.0,0.92,4162.0,0.0261,38.3,,4.7,21.0,4.617,69.02
186483,RWA,Rwanda,2021-02-28,60.0,0.0,0.92,4374.0,0.0257,38.9,,4.7,21.0,4.617,69.02
186484,RWA,Rwanda,2021-03-01,136.0,3.0,0.92,3410.0,0.0248,40.3,,4.7,21.0,4.617,69.02
186485,RWA,Rwanda,2021-03-02,125.0,1.0,0.92,4578.0,0.0259,38.6,,4.7,21.0,4.617,69.02
186486,RWA,Rwanda,2021-03-03,87.0,0.0,0.91,3960.0,0.026,38.5,,4.7,21.0,4.617,69.02
186487,RWA,Rwanda,2021-03-04,136.0,1.0,0.92,4224.0,0.0271,37.0,,4.7,21.0,4.617,69.02
186488,RWA,Rwanda,2021-03-05,92.0,1.0,0.91,,0.0273,36.6,,4.7,21.0,4.617,69.02
186489,RWA,Rwanda,2021-03-06,83.0,0.0,0.91,,0.0287,34.9,83842.0,4.7,21.0,4.617,69.02
186490,RWA,Rwanda,2021-03-07,42.0,1.0,0.9,5122.0,0.0271,36.8,39555.0,4.7,21.0,4.617,69.02
186491,RWA,Rwanda,2021-03-08,108.0,0.0,0.91,2735.0,0.0268,37.4,10224.0,4.7,21.0,4.617,69.02
186492,RWA,Rwanda,2021-03-09,120.0,2.0,0.92,,0.0264,37.9,11371.0,4.7,21.0,4.617,69.02
186493,RWA,Rwanda,2021-03-10,67.0,1.0,0.92,,0.0248,40.4,8906.0,4.7,21.0,4.617,69.02
186494,RWA,Rwanda,2021-03-11,99.0,2.0,0.93,,0.0229,43.7,9988.0,4.7,21.0,4.617,69.02
186495,RWA,Rwanda,2021-03-12,112.0,2.0,0.94,,0.0225,44.5,10132.0,4.7,21.0,4.617,69.02
186496,RWA,Rwanda,2021-03-13,86.0,1.0,0.94,,0.0215,46.5,4464.0,4.7,21.0,4.617,69.02
186497,RWA,Rwanda,2021-03-14,43.0,4.0,0.95,,0.0227,44.1,3911.0,4.7,21.0,4.617,69.02
186498,RWA,Rwanda,2021-03-15,116.0,2.0,0.96,,0.0223,44.9,56566.0,4.7,21.0,4.617,69.02
186499,RWA,Rwanda,2021-03-16,110.0,0.0,0.96,,0.0229,43.6,3693.0,4.7,21.0,4.617,69.02
186500,RWA,Rwanda,2021-03-17,68.0,1.0,0.96,,0.024,41.6,3990.0,4.7,21.0,4.617,69.02
186501,RWA,Rwanda,2021-03-18,71.0,1.0,0.97,,0.0241,41.5,2046.0,4.7,21.0,4.617,69.02
186502,RWA,Rwanda,2021-03-19,130.0,3.0,0.98,,0.0252,39.7,5666.0,4.7,21.0,4.617,69.02
186503,RWA,Rwanda,2021-03-20,80.0,0.0,0.99,,0.0253,39.5,3945.0,4.7,21.0,4.617,69.02
186504,RWA,Rwanda,2021-03-21,67.0,3.0,1.0,,0.0267,37.4,1183.0,4.7,21.0,4.617,69.02
186505,RWA,Rwanda,2021-03-22,68.0,2.0,1.0,3484.0,0.0248,40.4,4006.0,4.7,21.0,4.617,69.02
186506,RWA,Rwanda,2021-03-23,79.0,3.0,1.02,,0.0243,41.2,5179.0,4.7,21.0,4.617,69.02
186507,RWA,Rwanda,2021-03-24,131.0,2.0,1.05,,0.028,35.7,4906.0,4.7,21.0,4.617,69.02
186508,RWA,Rwanda,2021-03-25,104.0,1.0,1.06,,0.0305,32.7,297.0,4.7,21.0,4.617,69.02
186509,RWA,Rwanda,2021-03-26,99.0,2.0,1.06,4099.0,0.0281,35.6,,4.7,21.0,4.617,69.02
186510,RWA,Rwanda,2021-03-27,61.0,1.0,1.08,4179.0,0.0262,38.2,,4.7,21.0,4.617,69.02
186511,RWA,Rwanda,2021-03-28,49.0,0.0,1.11,16994.0,0.016,62.6,,4.7,21.0,4.617,69.02
186512,RWA,Rwanda,2021-03-29,71.0,4.0,1.14,7044.0,0.0147,68.2,,4.7,21.0,4.617,69.02
186513,RWA,Rwanda,2021-03-30,155.0,1.0,1.2,7792.0,0.0147,68.0,,4.7,21.0,4.617,69.02
186514,RWA,Rwanda,2021-03-31,138.0,1.0,1.23,9464.0,0.0129,77.3,,4.7,21.0,4.617,69.02
186515,RWA,Rwanda,2021-04-01,135.0,1.0,1.25,8497.0,0.0122,82.0,,4.7,21.0,4.617,69.02
186516,RWA,Rwanda,2021-04-02,249.0,2.0,1.26,,0.0147,68.0,,4.7,21.0,4.617,69.02
186517,RWA,Rwanda,2021-04-03,76.0,1.0,1.24,,0.0149,67.1,,4.7,21.0,4.617,69.02
186518,RWA,Rwanda,2021-04-04,239.0,0.0,1.24,6519.0,0.0221,45.3,,4.7,21.0,4.617,69.02
186519,RWA,Rwanda,2021-04-05,202.0,0.0,1.19,9335.0,0.0237,42.2,,4.7,21.0,4.617,69.02
186520,RWA,Rwanda,2021-04-06,178.0,3.0,1.12,7864.0,0.0241,41.5,,4.7,21.0,4.617,69.02
186521,RWA,Rwanda,2021-04-07,179.0,0.0,1.06,5266.0,0.0272,36.8,,4.7,21.0,4.617,69.02
186522,RWA,Rwanda,2021-04-08,111.0,0.0,0.99,6052.0,0.0281,35.5,,4.7,21.0,4.617,69.02
186523,RWA,Rwanda,2021-04-09,108.0,0.0,0.94,6557.0,0.0238,42.1,,4.7,21.0,4.617,69.02
186524,RWA,Rwanda,2021-04-10,83.0,0.0,0.9,6928.0,0.0227,44.1,,4.7,21.0,4.617,69.02
186525,RWA,Rwanda,2021-04-11,83.0,1.0,0.87,,0.021,47.7,,4.7,21.0,4.617,69.02
186526,RWA,Rwanda,2021-04-12,109.0,1.0,0.85,,0.022,45.5,,4.7,21.0,4.617,69.02
186527,RWA,Rwanda,2021-04-13,68.0,0.0,0.81,,0.0205,48.9,,4.7,21.0,4.617,69.02
186528,RWA,Rwanda,2021-04-14,69.0,1.0,0.8,,0.0174,57.6,,4.7,21.0,4.617,69.02
186529,RWA,Rwanda,2021-04-15,72.0,4.0,0.8,,0.0162,61.8,,4.7,21.0,4.617,69.02
186530,RWA,Rwanda,2021-04-16,68.0,1.0,0.8,,0.0152,65.8,275.0,4.7,21.0,4.617,69.02
186531,RWA,Rwanda,2021-04-17,54.0,0.0,0.82,,0.0145,69.1,,4.7,21.0,4.617,69.02
186532,RWA,Rwanda,2021-04-18,22.0,3.0,0.85,,0.0116,86.3,,4.7,21.0,4.617,69.02
186533,RWA,Rwanda,2021-04-19,46.0,1.0,0.89,,0.0103,96.9,,4.7,21.0,4.617,69.02
186534,RWA,Rwanda,2021-04-20,71.0,1.0,0.94,,0.0115,87.3,,4.7,21.0,4.617,69.02
186535,RWA,Rwanda,2021-04-21,107.0,0.0,1.0,4092.0,0.013,76.8,,4.7,21.0,4.617,69.02
186536,RWA,Rwanda,2021-04-22,150.0,1.0,1.05,,0.0162,61.8,,4.7,21.0,4.617,69.02
186537,RWA,Rwanda,2021-04-23,197.0,0.0,1.06,,0.0214,46.7,,4.7,21.0,4.617,69.02
186538,RWA,Rwanda,2021-04-24,76.0,0.0,1.03,,0.023,43.4,,4.7,21.0,4.617,69.02
186539,RWA,Rwanda,2021-04-25,58.0,2.0,1.01,,0.0253,39.5,,4.7,21.0,4.617,69.02
186540,RWA,Rwanda,2021-04-26,84.0,0.0,0.99,9665.0,0.0208,48.1,,4.7,21.0,4.617,69.02
186541,RWA,Rwanda,2021-04-27,137.0,1.0,0.98,,0.0222,45.0,,4.7,21.0,4.617,69.02
186542,RWA,Rwanda,2021-04-28,74.0,1.0,0.96,,0.0223,44.9,,4.7,21.0,4.617,69.02
186543,RWA,Rwanda,2021-04-29,107.0,1.0,0.94,4530.0,0.021,47.6,,4.7,21.0,4.617,69.02
186544,RWA,Rwanda,2021-04-30,121.0,2.0,0.93,,0.0193,51.8,,4.7,21.0,4.617,69.02
186545,RWA,Rwanda,2021-05-01,109.0,0.0,0.9,,0.0215,46.6,132.0,4.7,21.0,4.617,69.02
186546,RWA,Rwanda,2021-05-02,28.0,2.0,0.87,,0.0218,45.8,,4.7,21.0,4.617,69.02
186547,RWA,Rwanda,2021-05-03,58.0,0.0,0.84,,0.0261,38.3,,4.7,21.0,4.617,69.02
186548,RWA,Rwanda,2021-05-04,40.0,0.0,0.83,,0.0211,47.4,,4.7,21.0,4.617,69.02
186549,RWA,Rwanda,2021-05-05,70.0,1.0,0.83,,0.02,49.9,,4.7,21.0,4.617,69.02
186550,RWA,Rwanda,2021-05-06,65.0,0.0,0.84,,0.0191,52.5,,4.7,21.0,4.617,69.02
186551,RWA,Rwanda,2021-05-07,53.0,0.0,0.85,,0.0164,60.9,,4.7,21.0,4.617,69.02
186552,RWA,Rwanda,2021-05-08,47.0,0.0,0.88,3659.0,0.014,71.3,,4.7,21.0,4.617,69.02
186553,RWA,Rwanda,2021-05-09,66.0,0.0,0.91,4069.0,0.0153,65.5,,4.7,21.0,4.617,69.02
186554,RWA,Rwanda,2021-05-10,62.0,0.0,0.92,3481.0,0.0155,64.3,,4.7,21.0,4.617,69.02
186555,RWA,Rwanda,2021-05-11,59.0,2.0,0.94,2730.0,0.0169,59.2,,4.7,21.0,4.617,69.02
186556,RWA,Rwanda,2021-05-12,73.0,0.0,0.97,,0.017,58.9,,4.7,21.0,4.617,69.02
186557,RWA,Rwanda,2021-05-13,88.0,2.0,0.99,,0.0178,56.0,,4.7,21.0,4.617,69.02
186558,RWA,Rwanda,2021-05-14,99.0,1.0,1.0,3698.0,0.0197,50.9,,4.7,21.0,4.617,69.02
186559,RWA,Rwanda,2021-05-15,66.0,0.0,1.0,9229.0,0.0167,59.8,,4.7,21.0,4.617,69.02
186560,RWA,Rwanda,2021-05-16,42.0,1.0,1.0,,0.0171,58.4,,4.7,21.0,4.617,69.02
186561,RWA,Rwanda,2021-05-17,74.0,1.0,1.0,,0.0186,53.9,,4.7,21.0,4.617,69.02
186562,RWA,Rwanda,2021-05-18,129.0,1.0,1.01,4429.0,0.0199,50.2,,4.7,21.0,4.617,69.02
186563,RWA,Rwanda,2021-05-19,80.0,2.0,0.98,,0.0193,51.7,,4.7,21.0,4.617,69.02
186564,RWA,Rwanda,2021-05-20,105.0,1.0,0.95,,0.0191,52.2,,4.7,21.0,4.617,69.02
186565,RWA,Rwanda,2021-05-21,72.0,0.0,0.91,,0.0174,57.5,,4.7,21.0,4.617,69.02
186566,RWA,Rwanda,2021-05-22,57.0,0.0,0.88,,0.0195,51.4,,4.7,21.0,4.617,69.02
186567,RWA,Rwanda,2021-05-23,30.0,0.0,0.85,4387.0,0.0175,57.0,,4.7,21.0,4.617,69.02
186568,RWA,Rwanda,2021-05-24,42.0,0.0,0.82,5125.0,0.015,66.8,,4.7,21.0,4.617,69.02
186569,RWA,Rwanda,2021-05-25,50.0,0.0,0.8,4029.0,0.0128,77.9,,4.7,21.0,4.617,69.02
186570,RWA,Rwanda,2021-05-26,37.0,1.0,0.8,4840.0,0.0116,86.2,,4.7,21.0,4.617,69.02
186571,RWA,Rwanda,2021-05-27,26.0,1.0,0.8,,0.0096,104.0,,4.7,21.0,4.617,69.02
186572,RWA,Rwanda,2021-05-28,35.0,1.0,0.83,,0.0089,112.3,,4.7,21.0,4.617,69.02
186573,RWA,Rwanda,2021-05-29,14.0,0.0,0.86,,0.0079,126.3,,4.7,21.0,4.617,69.02
186574,RWA,Rwanda,2021-05-30,26.0,0.0,0.93,,0.0073,137.8,,4.7,21.0,4.617,69.02
186575,RWA,Rwanda,2021-05-31,45.0,1.0,0.99,,0.007,142.0,,4.7,21.0,4.617,69.02
186576,RWA,Rwanda,2021-06-01,60.0,4.0,1.05,,0.0068,146.5,,4.7,21.0,4.617,69.02
186577,RWA,Rwanda,2021-06-02,41.0,1.0,1.1,4382.0,0.007,142.2,,4.7,21.0,4.617,69.02
186578,RWA,Rwanda,2021-06-03,55.0,0.0,1.17,3867.0,0.0078,127.8,,4.7,21.0,4.617,69.02
186579,RWA,Rwanda,2021-06-04,43.0,1.0,1.24,4074.0,0.008,125.4,,4.7,21.0,4.617,69.02
186580,RWA,Rwanda,2021-06-05,49.0,0.0,1.32,,0.0088,114.1,,4.7,21.0,4.617,69.02
186581,RWA,Rwanda,2021-06-06,34.0,1.0,1.42,,0.0095,105.1,,4.7,21.0,4.617,69.02
186582,RWA,Rwanda,2021-06-07,62.0,0.0,1.53,4434.0,0.0107,93.8,,4.7,21.0,4.617,69.02
186583,RWA,Rwanda,2021-06-08,127.0,4.0,1.64,3910.0,0.0139,72.1,,4.7,21.0,4.617,69.02
186584,RWA,Rwanda,2021-06-09,114.0,1.0,1.73,3594.0,0.0168,59.6,,4.7,21.0,4.617,69.02
186585,RWA,Rwanda,2021-06-10,112.0,1.0,1.8,3959.0,0.0187,53.5,,4.7,21.0,4.617,69.02
186586,RWA,Rwanda,2021-06-11,202.0,2.0,1.88,5002.0,0.0234,42.7,,4.7,21.0,4.617,69.02
186587,RWA,Rwanda,2021-06-12,284.0,2.0,1.92,5927.0,0.0299,33.5,,4.7,21.0,4.617,69.02
186588,RWA,Rwanda,2021-06-13,227.0,0.0,1.91,6658.0,0.0337,29.7,,4.7,21.0,4.617,69.02
186589,RWA,Rwanda,2021-06-14,241.0,2.0,1.89,5286.0,0.0381,26.3,,4.7,21.0,4.617,69.02
186590,RWA,Rwanda,2021-06-15,298.0,0.0,1.88,4715.0,0.0421,23.8,,4.7,21.0,4.617,69.02
186591,RWA,Rwanda,2021-06-16,263.0,4.0,1.87,6072.0,0.0433,23.1,,4.7,21.0,4.617,69.02
186592,RWA,Rwanda,2021-06-17,422.0,1.0,1.87,5676.0,0.0492,20.3,,4.7,21.0,4.617,69.02
186593,RWA,Rwanda,2021-06-18,451.0,1.0,1.86,5770.0,0.0545,18.3,,4.7,21.0,4.617,69.02
186594,RWA,Rwanda,2021-06-19,469.0,1.0,1.84,7452.0,0.057,17.6,,4.7,21.0,4.617,69.02
186595,RWA,Rwanda,2021-06-20,296.0,3.0,1.82,8928.0,0.0556,18.0,,4.7,21.0,4.617,69.02
186596,RWA,Rwanda,2021-06-21,622.0,6.0,1.82,7196.0,0.0616,16.2,,4.7,21.0,4.617,69.02
186597,RWA,Rwanda,2021-06-22,861.0,4.0,1.8,5342.0,0.0729,13.7,,4.7,21.0,4.617,69.02
186598,RWA,Rwanda,2021-06-23,964.0,5.0,1.76,7624.0,0.0851,11.7,,4.7,21.0,4.617,69.02
186599,RWA,Rwanda,2021-06-24,883.0,5.0,1.69,8741.0,0.089,11.2,,4.7,21.0,4.617,69.02
186600,RWA,Rwanda,2021-06-25,875.0,2.0,1.62,10385.0,0.0893,11.2,,4.7,21.0,4.617,69.02
186601,RWA,Rwanda,2021-06-26,868.0,7.0,1.55,10585.0,0.0913,11.0,,4.7,21.0,4.617,69.02
186602,RWA,Rwanda,2021-06-27,741.0,9.0,1.48,12369.0,0.0934,10.7,,4.7,21.0,4.617,69.02
186603,RWA,Rwanda,2021-06-28,757.0,7.0,1.42,7863.0,0.0946,10.6,,4.7,21.0,4.617,69.02
186604,RWA,Rwanda,2021-06-29,814.0,4.0,1.37,6883.0,0.0916,10.9,,4.7,21.0,4.617,69.02
186605,RWA,Rwanda,2021-06-30,849.0,7.0,1.33,10103.0,0.0865,11.6,,4.7,21.0,4.617,69.02
186606,RWA,Rwanda,2021-07-01,867.0,10.0,1.29,10167.0,0.0844,11.8,,4.7,21.0,4.617,69.02
186607,RWA,Rwanda,2021-07-02,884.0,5.0,1.27,9047.0,0.0862,11.6,,4.7,21.0,4.617,69.02
186608,RWA,Rwanda,2021-07-03,898.0,12.0,1.24,,0.0907,11.0,,4.7,21.0,4.617,69.02
186609,RWA,Rwanda,2021-07-04,889.0,5.0,1.21,,0.1005,10.0,,4.7,21.0,4.617,69.02
186610,RWA,Rwanda,2021-07-05,811.0,9.0,1.18,6889.0,0.1031,9.7,,4.7,21.0,4.617,69.02
186611,RWA,Rwanda,2021-07-06,883.0,12.0,1.16,4766.0,0.1082,9.2,,4.7,21.0,4.617,69.02
186612,RWA,Rwanda,2021-07-07,760.0,16.0,1.14,6492.0,0.1139,8.8,,4.7,21.0,4.617,69.02
186613,RWA,Rwanda,2021-07-08,911.0,14.0,1.13,7846.0,0.1201,8.3,,4.7,21.0,4.617,69.02
186614,RWA,Rwanda,2021-07-09,887.0,13.0,1.12,8350.0,0.1218,8.2,,4.7,21.0,4.617,69.02
186615,RWA,Rwanda,2021-07-10,830.0,17.0,1.12,7811.0,0.12,8.3,1235.0,4.7,21.0,4.617,69.02
186616,RWA,Rwanda,2021-07-11,577.0,9.0,1.12,8295.0,0.1122,8.9,,4.7,21.0,4.617,69.02
186617,RWA,Rwanda,2021-07-12,772.0,22.0,1.13,7456.0,0.1102,9.1,,4.7,21.0,4.617,69.02
186618,RWA,Rwanda,2021-07-13,792.0,16.0,1.15,6677.0,0.1045,9.6,,4.7,21.0,4.617,69.02
186619,RWA,Rwanda,2021-07-14,934.0,9.0,1.18,8435.0,0.1039,9.6,,4.7,21.0,4.617,69.02
186620,RWA,Rwanda,2021-07-15,883.0,9.0,1.2,5324.0,0.1084,9.2,,4.7,21.0,4.617,69.02
186621,RWA,Rwanda,2021-07-16,927.0,10.0,1.24,10449.0,0.105,9.5,,4.7,21.0,4.617,69.02
186622,RWA,Rwanda,2021-07-17,1997.0,12.0,1.28,8127.0,0.1257,8.0,,4.7,21.0,4.617,69.02
186623,RWA,Rwanda,2021-07-18,2773.0,11.0,1.27,,0.1195,8.4,,4.7,21.0,4.617,69.02
186624,RWA,Rwanda,2021-07-19,913.0,17.0,1.19,,0.0941,10.6,,4.7,21.0,4.617,69.02
186625,RWA,Rwanda,2021-07-20,906.0,11.0,1.13,,0.0772,12.9,,4.7,21.0,4.617,69.02
186626,RWA,Rwanda,2021-07-21,925.0,16.0,1.09,,0.0657,15.2,,4.7,21.0,4.617,69.02
186627,RWA,Rwanda,2021-07-22,1309.0,11.0,1.07,,0.0587,17.0,,4.7,21.0,4.617,69.02
186628,RWA,Rwanda,2021-07-23,953.0,14.0,1.04,,0.0528,18.9,,4.7,21.0,4.617,69.02
186629,RWA,Rwanda,2021-07-24,0.0,9.0,1.03,,0.0392,25.5,,4.7,21.0,4.617,69.02
186630,RWA,Rwanda,2021-07-25,618.0,15.0,1.05,,0.0295,33.9,,4.7,21.0,4.617,69.02
186631,RWA,Rwanda,2021-07-26,3072.0,15.0,1.08,,0.0425,23.5,,4.7,21.0,4.617,69.02
186632,RWA,Rwanda,2021-07-27,969.0,14.0,1.03,,0.0448,22.3,,4.7,21.0,4.617,69.02
186633,RWA,Rwanda,2021-07-28,915.0,5.0,0.98,,0.0503,19.9,,4.7,21.0,4.617,69.02
186634,RWA,Rwanda,2021-07-29,965.0,11.0,0.94,,0.055,18.2,,4.7,21.0,4.617,69.02
186635,RWA,Rwanda,2021-07-30,971.0,11.0,0.91,,0.0643,15.6,,4.7,21.0,4.617,69.02
186636,RWA,Rwanda,2021-07-31,860.0,10.0,0.89,,0.0809,12.4,,4.7,21.0,4.617,69.02
186637,RWA,Rwanda,2021-08-01,648.0,13.0,0.86,,0.0932,10.7,,4.7,21.0,4.617,69.02
186638,RWA,Rwanda,2021-08-02,720.0,10.0,0.84,,0.0788,12.7,,4.7,21.0,4.617,69.02
186639,RWA,Rwanda,2021-08-03,775.0,13.0,0.82,,0.0924,10.8,,4.7,21.0,4.617,69.02
186640,RWA,Rwanda,2021-08-04,769.0,6.0,0.81,,0.0859,11.6,,4.7,21.0,4.617,69.02
186641,RWA,Rwanda,2021-08-05,754.0,10.0,0.8,,0.0791,12.6,,4.7,21.0,4.617,69.02
186642,RWA,Rwanda,2021-08-06,629.0,14.0,0.79,,0.071,14.1,,4.7,21.0,4.617,69.02
186643,RWA,Rwanda,2021-08-07,650.0,7.0,0.79,12180.0,0.0647,15.5,,4.7,21.0,4.617,69.02
186644,RWA,Rwanda,2021-08-08,448.0,9.0,0.78,9813.0,0.0608,16.4,,4.7,21.0,4.617,69.02
186645,RWA,Rwanda,2021-08-09,544.0,8.0,0.78,6688.0,0.0598,16.7,,4.7,21.0,4.617,69.02
186646,RWA,Rwanda,2021-08-10,600.0,13.0,0.78,7563.0,0.0581,17.2,,4.7,21.0,4.617,69.02
186647,RWA,Rwanda,2021-08-11,619.0,9.0,0.78,12133.0,0.0569,17.6,,4.7,21.0,4.617,69.02
186648,RWA,Rwanda,2021-08-12,449.0,10.0,0.78,11270.0,0.0541,18.5,,4.7,21.0,4.617,69.02
186649,RWA,Rwanda,2021-08-13,515.0,8.0,0.79,11377.0,0.0539,18.6,,4.7,21.0,4.617,69.02
186650,RWA,Rwanda,2021-08-14,466.0,11.0,0.8,11638.0,0.0517,19.4,,4.7,21.0,4.617,69.02
186651,RWA,Rwanda,2021-08-15,418.0,10.0,0.81,,0.051,19.6,,4.7,21.0,4.617,69.02
186652,RWA,Rwanda,2021-08-16,435.0,10.0,0.82,,0.0472,21.2,,4.7,21.0,4.617,69.02
186653,RWA,Rwanda,2021-08-17,557.0,8.0,0.84,,0.0451,22.2,,4.7,21.0,4.617,69.02
186654,RWA,Rwanda,2021-08-18,645.0,3.0,0.86,8435.0,0.0478,20.9,,4.7,21.0,4.617,69.02
186655,RWA,Rwanda,2021-08-19,496.0,16.0,0.86,10299.0,0.0491,20.4,,4.7,21.0,4.617,69.02
186656,RWA,Rwanda,2021-08-20,380.0,9.0,0.87,11534.0,0.0471,21.2,55170.0,4.7,21.0,4.617,69.02
186657,RWA,Rwanda,2021-08-21,415.0,5.0,0.88,12772.0,0.0457,21.9,,4.7,21.0,4.617,69.02
186658,RWA,Rwanda,2021-08-22,393.0,11.0,0.9,16143.0,0.0419,23.9,,4.7,21.0,4.617,69.02
186659,RWA,Rwanda,2021-08-23,496.0,6.0,0.91,12650.0,0.0413,24.2,,4.7,21.0,4.617,69.02
186660,RWA,Rwanda,2021-08-24,608.0,11.0,0.93,,0.0422,23.7,,4.7,21.0,4.617,69.02
186661,RWA,Rwanda,2021-08-25,504.0,10.0,0.93,,0.04,25.0,,4.7,21.0,4.617,69.02
186662,RWA,Rwanda,2021-08-26,570.0,8.0,0.94,,0.0396,25.3,,4.7,21.0,4.617,69.02
186663,RWA,Rwanda,2021-08-27,522.0,9.0,0.94,,0.0405,24.7,,4.7,21.0,4.617,69.02
186664,RWA,Rwanda,2021-08-28,519.0,9.0,0.95,18193.0,0.0393,25.5,,4.7,21.0,4.617,69.02
186665,RWA,Rwanda,2021-08-29,371.0,5.0,0.94,26058.0,0.0352,28.4,,4.7,21.0,4.617,69.02
186666,RWA,Rwanda,2021-08-30,518.0,4.0,0.94,23042.0,0.0322,31.1,,4.7,21.0,4.617,69.02
186667,RWA,Rwanda,2021-08-31,496.0,6.0,0.93,8766.0,0.0314,31.9,,4.7,21.0,4.617,69.02
186668,RWA,Rwanda,2021-09-01,570.0,8.0,0.93,14241.0,0.0306,32.6,,4.7,21.0,4.617,69.02
186669,RWA,Rwanda,2021-09-02,485.0,8.0,0.92,12357.0,0.0301,33.2,,4.7,21.0,4.617,69.02
186670,RWA,Rwanda,2021-09-03,490.0,7.0,0.91,11604.0,0.0302,33.1,,4.7,21.0,4.617,69.02
186671,RWA,Rwanda,2021-09-04,352.0,5.0,0.9,12737.0,0.0302,33.2,,4.7,21.0,4.617,69.02
186672,RWA,Rwanda,2021-09-05,244.0,7.0,0.89,12230.0,0.0332,30.1,,4.7,21.0,4.617,69.02
186673,RWA,Rwanda,2021-09-06,377.0,10.0,0.9,,0.0358,27.9,,4.7,21.0,4.617,69.02
186674,RWA,Rwanda,2021-09-07,453.0,7.0,0.9,,0.0339,29.5,,4.7,21.0,4.617,69.02
186675,RWA,Rwanda,2021-09-08,483.0,6.0,0.91,,0.0338,29.6,,4.7,21.0,4.617,69.02
186676,RWA,Rwanda,2021-09-09,474.0,6.0,0.91,,0.0338,29.6,,4.7,21.0,4.617,69.02
186677,RWA,Rwanda,2021-09-10,470.0,5.0,0.9,12128.0,0.0333,30.0,,4.7,21.0,4.617,69.02
186678,RWA,Rwanda,2021-09-11,0.0,0.0,0.9,,0.0296,33.8,,4.7,21.0,4.617,69.02
186679,RWA,Rwanda,2021-09-12,595.0,14.0,0.92,,0.034,29.4,,4.7,21.0,4.617,69.02
186680,RWA,Rwanda,2021-09-13,459.0,3.0,0.92,11795.0,0.0351,28.5,,4.7,21.0,4.617,69.02
186681,RWA,Rwanda,2021-09-14,488.0,5.0,0.9,10027.0,0.0365,27.4,,4.7,21.0,4.617,69.02
186682,RWA,Rwanda,2021-09-15,488.0,4.0,0.88,,0.0361,27.7,,4.7,21.0,4.617,69.02
186683,RWA,Rwanda,2021-09-16,423.0,9.0,0.85,,0.0351,28.5,,4.7,21.0,4.617,69.02
186684,RWA,Rwanda,2021-09-17,415.0,6.0,0.82,14495.0,0.0335,29.8,,4.7,21.0,4.617,69.02
186685,RWA,Rwanda,2021-09-18,224.0,7.0,0.79,9244.0,0.0372,26.9,,4.7,21.0,4.617,69.02
186686,RWA,Rwanda,2021-09-19,140.0,4.0,0.76,25704.0,0.0271,36.9,152810.0,4.7,21.0,4.617,69.02
186687,RWA,Rwanda,2021-09-20,246.0,5.0,0.75,5447.0,0.0267,37.5,,4.7,21.0,4.617,69.02
186688,RWA,Rwanda,2021-09-21,264.0,6.0,0.73,15638.0,0.0228,43.9,,4.7,21.0,4.617,69.02
186689,RWA,Rwanda,2021-09-22,256.0,5.0,0.72,10186.0,0.021,47.6,,4.7,21.0,4.617,69.02
186690,RWA,Rwanda,2021-09-23,314.0,7.0,0.71,,0.0204,49.0,,4.7,21.0,4.617,69.02
186691,RWA,Rwanda,2021-09-24,233.0,9.0,0.7,,0.0193,51.8,,4.7,21.0,4.617,69.02
186692,RWA,Rwanda,2021-09-25,157.0,6.0,0.69,,0.0182,54.9,,4.7,21.0,4.617,69.02
186693,RWA,Rwanda,2021-09-26,112.0,4.0,0.68,,0.0215,46.5,,4.7,21.0,4.617,69.02
186694,RWA,Rwanda,2021-09-27,143.0,6.0,0.67,14529.0,0.0179,55.9,,4.7,21.0,4.617,69.02
186695,RWA,Rwanda,2021-09-28,208.0,1.0,0.66,8873.0,0.0187,53.4,,4.7,21.0,4.617,69.02
186696,RWA,Rwanda,2021-09-29,168.0,5.0,0.66,19447.0,0.0157,63.8,,4.7,21.0,4.617,69.02
186697,RWA,Rwanda,2021-09-30,159.0,9.0,0.65,11085.0,0.0137,72.9,,4.7,21.0,4.617,69.02
186698,RWA,Rwanda,2021-10-01,178.0,3.0,0.65,,0.0128,77.9,25338.0,4.7,21.0,4.617,69.02
186699,RWA,Rwanda,2021-10-02,86.0,5.0,0.65,,0.0119,84.1,,4.7,21.0,4.617,69.02
186700,RWA,Rwanda,2021-10-03,89.0,2.0,0.65,,0.0111,90.4,,4.7,21.0,4.617,69.02
186701,RWA,Rwanda,2021-10-04,81.0,5.0,0.66,,0.0103,97.1,,4.7,21.0,4.617,69.02
186702,RWA,Rwanda,2021-10-05,126.0,2.0,0.66,7506.0,0.0096,104.5,,4.7,21.0,4.617,69.02
186703,RWA,Rwanda,2021-10-06,132.0,6.0,0.67,9113.0,0.0103,96.8,,4.7,21.0,4.617,69.02
186704,RWA,Rwanda,2021-10-07,136.0,1.0,0.68,7602.0,0.0105,95.3,,4.7,21.0,4.617,69.02
186705,RWA,Rwanda,2021-10-08,140.0,3.0,0.68,10466.0,0.0102,98.0,,4.7,21.0,4.617,69.02
186706,RWA,Rwanda,2021-10-09,114.0,4.0,0.68,,0.0102,98.0,,4.7,21.0,4.617,69.02
186707,RWA,Rwanda,2021-10-10,98.0,4.0,0.66,,0.0104,96.0,,4.7,21.0,4.617,69.02
186708,RWA,Rwanda,2021-10-11,48.0,0.0,0.64,13088.0,0.0103,97.1,,4.7,21.0,4.617,69.02
186709,RWA,Rwanda,2021-10-12,95.0,3.0,0.63,7498.0,0.0099,101.0,,4.7,21.0,4.617,69.02
186710,RWA,Rwanda,2021-10-13,86.0,1.0,0.61,7671.0,0.0095,105.5,,4.7,21.0,4.617,69.02
186711,RWA,Rwanda,2021-10-14,61.0,1.0,0.6,7714.0,0.0085,118.0,,4.7,21.0,4.617,69.02
186712,RWA,Rwanda,2021-10-15,80.0,0.0,0.6,8376.0,0.0079,126.5,200743.0,4.7,21.0,4.617,69.02
186713,RWA,Rwanda,2021-10-16,61.0,0.0,0.59,,0.0078,129.0,,4.7,21.0,4.617,69.02
186714,RWA,Rwanda,2021-10-17,17.0,0.0,0.58,,0.0071,140.3,,4.7,21.0,4.617,69.02
186715,RWA,Rwanda,2021-10-18,36.0,0.0,0.57,,0.0074,135.4,,4.7,21.0,4.617,69.02
186716,RWA,Rwanda,2021-10-19,32.0,1.0,0.57,6811.0,0.0064,156.4,,4.7,21.0,4.617,69.02
186717,RWA,Rwanda,2021-10-20,39.0,0.0,0.58,7792.0,0.0056,179.3,,4.7,21.0,4.617,69.02
186718,RWA,Rwanda,2021-10-21,36.0,2.0,0.6,5791.0,0.0053,187.8,,4.7,21.0,4.617,69.02
186719,RWA,Rwanda,2021-10-22,37.0,2.0,0.63,,0.0046,217.0,,4.7,21.0,4.617,69.02
186720,RWA,Rwanda,2021-10-23,29.0,2.0,0.66,,0.0041,241.4,,4.7,21.0,4.617,69.02
186721,RWA,Rwanda,2021-10-24,20.0,0.0,0.7,,0.004,249.0,,4.7,21.0,4.617,69.02
186722,RWA,Rwanda,2021-10-25,57.0,0.0,0.74,,0.0042,238.0,,4.7,21.0,4.617,69.02
186723,RWA,Rwanda,2021-10-26,43.0,1.0,0.75,,0.0042,239.6,,4.7,21.0,4.617,69.02
186724,RWA,Rwanda,2021-10-27,40.0,1.0,0.78,,0.0041,246.5,,4.7,21.0,4.617,69.02
186725,RWA,Rwanda,2021-10-28,51.0,5.0,0.8,9272.0,0.0041,245.7,,4.7,21.0,4.617,69.02
186726,RWA,Rwanda,2021-10-29,63.0,1.0,0.82,8690.0,0.0044,227.5,,4.7,21.0,4.617,69.02
186727,RWA,Rwanda,2021-10-30,53.0,0.0,0.82,,0.0042,236.2,,4.7,21.0,4.617,69.02
186728,RWA,Rwanda,2021-10-31,17.0,3.0,0.81,,0.004,252.0,,4.7,21.0,4.617,69.02
186729,RWA,Rwanda,2021-11-01,29.0,1.0,0.8,,0.0034,290.8,,4.7,21.0,4.617,69.02
186730,RWA,Rwanda,2021-11-02,38.0,0.0,0.8,8346.0,0.0034,290.7,,4.7,21.0,4.617,69.02
186731,RWA,Rwanda,2021-11-03,55.0,0.0,0.8,7871.0,0.0037,270.0,,4.7,21.0,4.617,69.02
186732,RWA,Rwanda,2021-11-04,34.0,0.0,0.79,7373.0,0.0036,279.3,,4.7,21.0,4.617,69.02
186733,RWA,Rwanda,2021-11-05,44.0,0.0,0.79,8071.0,0.0034,296.6,,4.7,21.0,4.617,69.02
186734,RWA,Rwanda,2021-11-06,33.0,0.0,0.78,12168.0,0.0033,304.5,,4.7,21.0,4.617,69.02
186735,RWA,Rwanda,2021-11-07,16.0,2.0,0.77,,0.0032,311.1,,4.7,21.0,4.617,69.02
186736,RWA,Rwanda,2021-11-08,31.0,0.0,0.76,,0.0032,314.0,,4.7,21.0,4.617,69.02
186737,RWA,Rwanda,2021-11-09,22.0,1.0,0.74,7615.0,0.003,332.3,,4.7,21.0,4.617,69.02
186738,RWA,Rwanda,2021-11-10,19.0,0.0,0.73,7854.0,0.0025,392.3,,4.7,21.0,4.617,69.02
186739,RWA,Rwanda,2021-11-11,28.0,1.0,0.74,5920.0,0.0025,397.0,211071.0,4.7,21.0,4.617,69.02
186740,RWA,Rwanda,2021-11-12,35.0,0.0,0.75,6845.0,0.0024,409.8,,4.7,21.0,4.617,69.02
186741,RWA,Rwanda,2021-11-13,43.0,2.0,0.75,10350.0,0.0026,379.3,,4.7,21.0,4.617,69.02
186742,RWA,Rwanda,2021-11-14,11.0,0.0,0.72,13577.0,0.0027,368.6,,4.7,21.0,4.617,69.02
186743,RWA,Rwanda,2021-11-15,12.0,0.0,0.69,,0.0027,375.4,,4.7,21.0,4.617,69.02
186744,RWA,Rwanda,2021-11-16,16.0,0.0,0.67,,0.0024,413.7,,4.7,21.0,4.617,69.02
186745,RWA,Rwanda,2021-11-17,19.0,0.0,0.67,,0.0023,436.9,,4.7,21.0,4.617,69.02
186746,RWA,Rwanda,2021-11-18,7.0,1.0,0.66,,0.0018,541.1,,4.7,21.0,4.617,69.02
186747,RWA,Rwanda,2021-11-19,6.0,0.0,0.68,,0.0014,720.9,,4.7,21.0,4.617,69.02
186748,RWA,Rwanda,2021-11-20,11.0,1.0,0.72,,0.001,1018.1,,4.7,21.0,4.617,69.02
186749,RWA,Rwanda,2021-11-21,10.0,0.0,0.77,,0.001,1006.9,,4.7,21.0,4.617,69.02
186750,RWA,Rwanda,2021-11-22,15.0,1.0,0.81,,0.001,970.9,,4.7,21.0,4.617,69.02
186751,RWA,Rwanda,2021-11-23,23.0,0.0,0.84,7545.0,0.0012,851.2,,4.7,21.0,4.617,69.02
186752,RWA,Rwanda,2021-11-24,22.0,0.0,0.86,9207.0,0.0013,798.0,,4.7,21.0,4.617,69.02
186753,RWA,Rwanda,2021-11-25,26.0,0.0,0.87,12786.0,0.0015,673.9,,4.7,21.0,4.617,69.02
186754,RWA,Rwanda,2021-11-26,8.0,0.0,0.87,10341.0,0.0015,650.7,,4.7,21.0,4.617,69.02
186755,RWA,Rwanda,2021-11-27,14.0,1.0,0.88,12065.0,0.0016,637.7,,4.7,21.0,4.617,69.02
186756,RWA,Rwanda,2021-11-28,5.0,0.0,0.9,19776.0,0.0014,737.8,,4.7,21.0,4.617,69.02
186757,RWA,Rwanda,2021-11-29,14.0,0.0,0.92,20915.0,0.0012,827.1,,4.7,21.0,4.617,69.02
186758,RWA,Rwanda,2021-11-30,5.0,0.0,0.95,11792.0,0.001,1030.6,,4.7,21.0,4.617,69.02
186759,RWA,Rwanda,2021-12-01,13.0,1.0,1.0,8322.0,0.0009,1129.4,,4.7,21.0,4.617,69.02
186760,RWA,Rwanda,2021-12-02,19.0,0.0,1.07,8513.0,0.0009,1175.9,,4.7,21.0,4.617,69.02
186761,RWA,Rwanda,2021-12-03,10.0,0.0,1.14,8482.0,0.0009,1123.3,,4.7,21.0,4.617,69.02
186762,RWA,Rwanda,2021-12-04,13.0,0.0,1.22,14002.0,0.0009,1162.1,,4.7,21.0,4.617,69.02
186763,RWA,Rwanda,2021-12-05,10.0,0.0,1.32,22617.0,0.0009,1126.7,,4.7,21.0,4.617,69.02
186764,RWA,Rwanda,2021-12-06,15.0,0.0,1.42,23956.0,0.0009,1149.2,,4.7,21.0,4.617,69.02
186765,RWA,Rwanda,2021-12-07,20.0,0.0,1.52,11988.0,0.001,978.8,,4.7,21.0,4.617,69.02
186766,RWA,Rwanda,2021-12-08,15.0,1.0,1.64,8384.0,0.001,960.3,,4.7,21.0,4.617,69.02
186767,RWA,Rwanda,2021-12-09,53.0,0.0,1.8,9186.0,0.0014,725.1,,4.7,21.0,4.617,69.02
186768,RWA,Rwanda,2021-12-10,39.0,0.0,1.88,11477.0,0.0016,615.8,,4.7,21.0,4.617,69.02
186769,RWA,Rwanda,2021-12-11,28.0,0.0,1.96,14980.0,0.0018,569.9,,4.7,21.0,4.617,69.02
186770,RWA,Rwanda,2021-12-12,50.0,0.0,2.07,25719.0,0.0021,480.4,,4.7,21.0,4.617,69.02
186771,RWA,Rwanda,2021-12-13,0.0,0.0,2.16,22514.0,0.002,508.5,,4.7,21.0,4.617,69.02
186772,RWA,Rwanda,2021-12-14,129.0,0.0,2.33,24216.0,0.0027,370.9,,4.7,21.0,4.617,69.02
186773,RWA,Rwanda,2021-12-15,125.0,0.0,2.37,,0.0038,266.5,,4.7,21.0,4.617,69.02
186774,RWA,Rwanda,2021-12-16,142.0,0.0,2.39,,0.0047,211.9,,4.7,21.0,4.617,69.02
186775,RWA,Rwanda,2021-12-17,153.0,0.0,2.4,12246.0,0.0057,174.6,,4.7,21.0,4.617,69.02
186776,RWA,Rwanda,2021-12-18,230.0,0.0,2.41,19327.0,0.0073,137.3,,4.7,21.0,4.617,69.02
186777,RWA,Rwanda,2021-12-19,169.0,0.0,2.39,33530.0,0.0078,128.3,,4.7,21.0,4.617,69.02
186778,RWA,Rwanda,2021-12-20,307.0,1.0,2.38,32826.0,0.0095,105.2,,4.7,21.0,4.617,69.02
186779,RWA,Rwanda,2021-12-21,343.0,0.0,2.34,17390.0,0.0117,85.2,,4.7,21.0,4.617,69.02
186780,RWA,Rwanda,2021-12-22,465.0,0.0,2.31,11171.0,0.0138,72.6,,4.7,21.0,4.617,69.02
186781,RWA,Rwanda,2021-12-23,473.0,0.0,2.27,14269.0,0.0152,65.8,,4.7,21.0,4.617,69.02
186782,RWA,Rwanda,2021-12-24,629.0,0.0,2.24,17843.0,0.0179,55.9,,4.7,21.0,4.617,69.02
186783,RWA,Rwanda,2021-12-25,713.0,1.0,2.2,17813.0,0.0214,46.7,,4.7,21.0,4.617,69.02
186784,RWA,Rwanda,2021-12-26,515.0,1.0,2.14,18127.0,0.0266,37.6,,4.7,21.0,4.617,69.02
186785,RWA,Rwanda,2021-12-27,962.0,1.0,2.1,14469.0,0.0369,27.1,,4.7,21.0,4.617,69.02
186786,RWA,Rwanda,2021-12-28,998.0,0.0,2.03,19569.0,0.042,23.8,,4.7,21.0,4.617,69.02
186787,RWA,Rwanda,2021-12-29,2083.0,1.0,1.97,17786.0,0.0532,18.8,,4.7,21.0,4.617,69.02
186788,RWA,Rwanda,2021-12-30,1488.0,0.0,1.84,22797.0,0.0575,17.4,,4.7,21.0,4.617,69.02
186789,RWA,Rwanda,2021-12-31,1228.0,1.0,1.71,24501.0,0.0591,16.9,,4.7,21.0,4.617,69.02
186790,RWA,Rwanda,2022-01-01,868.0,1.0,1.59,20718.0,0.059,16.9,,4.7,21.0,4.617,69.02
186791,RWA,Rwanda,2022-01-02,928.0,4.0,1.49,16504.0,0.0627,15.9,,4.7,21.0,4.617,69.02
186792,RWA,Rwanda,2022-01-03,998.0,2.0,1.4,11075.0,0.0646,15.5,,4.7,21.0,4.617,69.02
186793,RWA,Rwanda,2022-01-04,1477.0,0.0,1.32,13790.0,0.0713,14.0,,4.7,21.0,4.617,69.02
186794,RWA,Rwanda,2022-01-05,1066.0,5.0,1.23,19074.0,0.0627,16.0,,4.7,21.0,4.617,69.02
186795,RWA,Rwanda,2022-01-06,1219.0,5.0,1.16,22883.0,0.0606,16.5,,4.7,21.0,4.617,69.02
186796,RWA,Rwanda,2022-01-07,1079.0,0.0,1.1,20485.0,0.0613,16.3,,4.7,21.0,4.617,69.02
186797,RWA,Rwanda,2022-01-08,953.0,6.0,1.04,20423.0,0.0621,16.1,,4.7,21.0,4.617,69.02
186798,RWA,Rwanda,2022-01-09,610.0,2.0,0.98,24992.0,0.0558,17.9,,4.7,21.0,4.617,69.02
186799,RWA,Rwanda,2022-01-10,758.0,9.0,0.92,20835.0,0.0503,19.9,,4.7,21.0,4.617,69.02
186800,RWA,Rwanda,2022-01-11,661.0,3.0,0.86,18755.0,0.043,23.2,,4.7,21.0,4.617,69.02
186801,RWA,Rwanda,2022-01-12,763.0,4.0,0.81,22262.0,0.0401,24.9,,4.7,21.0,4.617,69.02
186802,RWA,Rwanda,2022-01-13,720.0,4.0,0.78,19984.0,0.0375,26.6,,4.7,21.0,4.617,69.02
186803,RWA,Rwanda,2022-01-14,533.0,4.0,0.75,17669.0,0.0345,29.0,,4.7,21.0,4.617,69.02
186804,RWA,Rwanda,2022-01-15,383.0,4.0,0.72,15560.0,0.0316,31.6,,4.7,21.0,4.617,69.02
186805,RWA,Rwanda,2022-01-16,364.0,5.0,0.7,19980.0,0.031,32.3,,4.7,21.0,4.617,69.02
186806,RWA,Rwanda,2022-01-17,402.0,3.0,0.68,17143.0,0.0291,34.3,,4.7,21.0,4.617,69.02
186807,RWA,Rwanda,2022-01-18,565.0,2.0,0.65,12593.0,0.0298,33.6,,4.7,21.0,4.617,69.02
186808,RWA,Rwanda,2022-01-19,552.0,4.0,0.63,15854.0,0.0296,33.8,,4.7,21.0,4.617,69.02
186809,RWA,Rwanda,2022-01-20,542.0,5.0,0.6,12585.0,0.03,33.3,,4.7,21.0,4.617,69.02
186810,RWA,Rwanda,2022-01-21,428.0,6.0,0.57,14309.0,0.03,33.4,,4.7,21.0,4.617,69.02
186811,RWA,Rwanda,2022-01-22,247.0,4.0,0.53,15432.0,0.0287,34.8,,4.7,21.0,4.617,69.02
186812,RWA,Rwanda,2022-01-23,107.0,0.0,0.49,15414.0,0.0275,36.3,,4.7,21.0,4.617,69.02
186813,RWA,Rwanda,2022-01-24,196.0,1.0,0.46,9309.0,0.0276,36.2,,4.7,21.0,4.617,69.02
186814,RWA,Rwanda,2022-01-25,173.0,0.0,0.42,9202.0,0.0244,41.0,,4.7,21.0,4.617,69.02
186815,RWA,Rwanda,2022-01-26,131.0,1.0,0.39,13158.0,0.0204,49.0,,4.7,21.0,4.617,69.02
186816,RWA,Rwanda,2022-01-27,120.0,2.0,0.36,12773.0,0.0156,63.9,,4.7,21.0,4.617,69.02
186817,RWA,Rwanda,2022-01-28,79.0,2.0,0.35,25520.0,0.0104,95.7,,4.7,21.0,4.617,69.02
186818,RWA,Rwanda,2022-01-29,94.0,0.0,0.34,,0.0097,103.1,,4.7,21.0,4.617,69.02
186819,RWA,Rwanda,2022-01-30,39.0,0.0,0.33,,0.0098,101.8,,4.7,21.0,4.617,69.02
186820,RWA,Rwanda,2022-01-31,50.0,2.0,0.31,12406.0,0.0078,128.0,,4.7,21.0,4.617,69.02
186821,RWA,Rwanda,2022-02-01,42.0,4.0,0.29,9234.0,0.0063,158.3,,4.7,21.0,4.617,69.02
186822,RWA,Rwanda,2022-02-02,38.0,0.0,0.29,10439.0,0.0054,184.3,,4.7,21.0,4.617,69.02
186823,RWA,Rwanda,2022-02-03,68.0,0.0,0.29,7379.0,0.0051,194.5,,4.7,21.0,4.617,69.02
186824,RWA,Rwanda,2022-02-04,45.0,1.0,0.3,10048.0,0.0059,170.9,,4.7,21.0,4.617,69.02
186825,RWA,Rwanda,2022-02-05,41.0,1.0,0.31,10099.0,0.0048,207.4,,4.7,21.0,4.617,69.02
186826,RWA,Rwanda,2022-02-06,16.0,0.0,0.31,15270.0,0.004,249.6,,4.7,21.0,4.617,69.02
186827,RWA,Rwanda,2022-02-07,16.0,1.0,0.3,12954.0,0.0035,283.6,,4.7,21.0,4.617,69.02
186828,RWA,Rwanda,2022-02-08,20.0,0.0,0.3,9235.0,0.0032,309.1,,4.7,21.0,4.617,69.02
186829,RWA,Rwanda,2022-02-09,33.0,2.0,0.31,11264.0,0.0031,319.0,,4.7,21.0,4.617,69.02
186830,RWA,Rwanda,2022-02-10,24.0,0.0,0.32,10332.0,0.0025,406.2,,4.7,21.0,4.617,69.02
186831,RWA,Rwanda,2022-02-11,44.0,0.0,0.34,11651.0,0.0024,416.5,,4.7,21.0,4.617,69.02
186832,RWA,Rwanda,2022-02-12,17.0,1.0,0.35,11082.0,0.0021,481.1,,4.7,21.0,4.617,69.02
186833,RWA,Rwanda,2022-02-13,3.0,0.0,0.35,17829.0,0.0019,537.3,,4.7,21.0,4.617,69.02
186834,RWA,Rwanda,2022-02-14,13.0,2.0,0.36,12262.0,0.0018,543.2,,4.7,21.0,4.617,69.02
186835,RWA,Rwanda,2022-02-15,15.0,0.0,0.36,9707.0,0.0018,564.6,,4.7,21.0,4.617,69.02
186836,RWA,Rwanda,2022-02-16,11.0,0.0,0.38,11182.0,0.0015,661.7,,4.7,21.0,4.617,69.02
186837,RWA,Rwanda,2022-02-17,8.0,2.0,0.4,9935.0,0.0013,753.6,,4.7,21.0,4.617,69.02
186838,RWA,Rwanda,2022-02-18,14.0,0.0,0.44,10530.0,0.001,1018.9,,4.7,21.0,4.617,69.02
186839,RWA,Rwanda,2022-02-19,10.0,1.0,0.48,10367.0,0.0009,1105.6,,4.7,21.0,4.617,69.02
186840,RWA,Rwanda,2022-02-20,3.0,1.0,0.52,14123.0,0.0009,1055.5,,4.7,21.0,4.617,69.02
186841,RWA,Rwanda,2022-02-21,6.0,0.0,0.57,16730.0,0.0008,1232.5,,4.7,21.0,4.617,69.02
186842,RWA,Rwanda,2022-02-22,41.0,1.0,0.62,9016.0,0.0011,880.5,,4.7,21.0,4.617,69.02
186843,RWA,Rwanda,2022-02-23,17.0,0.0,0.63,11153.0,0.0012,826.8,,4.7,21.0,4.617,69.02
186844,RWA,Rwanda,2022-02-24,32.0,0.0,0.64,10702.0,0.0015,671.7,,4.7,21.0,4.617,69.02
186845,RWA,Rwanda,2022-02-25,15.0,0.0,0.62,12912.0,0.0015,685.5,,4.7,21.0,4.617,69.02
186846,RWA,Rwanda,2022-02-26,2.0,0.0,0.61,14527.0,0.0013,768.7,,4.7,21.0,4.617,69.02
186847,RWA,Rwanda,2022-02-27,4.0,0.0,0.61,18837.0,0.0012,802.4,,4.7,21.0,4.617,69.02
186848,RWA,Rwanda,2022-02-28,13.0,0.0,0.61,18213.0,0.0013,769.1,,4.7,21.0,4.617,69.02
186849,RWA,Rwanda,2022-03-01,14.0,0.0,0.61,12861.0,0.001,1022.7,,4.7,21.0,4.617,69.02
186850,RWA,Rwanda,2022-03-02,17.0,0.0,0.61,21820.0,0.0009,1132.7,,4.7,21.0,4.617,69.02
186851,RWA,Rwanda,2022-03-03,10.0,1.0,0.59,,0.0007,1389.2,,4.7,21.0,4.617,69.02
186852,RWA,Rwanda,2022-03-04,5.0,0.0,0.58,,0.0007,1481.4,,4.7,21.0,4.617,69.02
186853,RWA,Rwanda,2022-03-05,3.0,0.0,0.59,14283.0,0.0007,1455.3,,4.7,21.0,4.617,69.02
186854,RWA,Rwanda,2022-03-06,5.0,0.0,0.6,14419.0,0.0007,1367.7,,4.7,21.0,4.617,69.02
186855,RWA,Rwanda,2022-03-07,4.0,0.0,0.61,12913.0,0.0007,1488.4,,4.7,21.0,4.617,69.02
186856,RWA,Rwanda,2022-03-08,7.0,1.0,0.63,10843.0,0.0006,1653.2,,4.7,21.0,4.617,69.02
186857,RWA,Rwanda,2022-03-09,2.0,0.0,0.65,10017.0,0.0005,2014.2,,4.7,21.0,4.617,69.02
186858,RWA,Rwanda,2022-03-10,7.0,0.0,0.7,,0.0005,2218.9,,4.7,21.0,4.617,69.02
186859,RWA,Rwanda,2022-03-11,13.0,0.0,0.75,,0.0006,1803.1,,4.7,21.0,4.617,69.02
186860,RWA,Rwanda,2022-03-12,7.0,0.0,0.78,8240.0,0.0007,1508.5,,4.7,21.0,4.617,69.02
186861,RWA,Rwanda,2022-03-13,5.0,0.0,0.79,6565.0,0.0007,1334.0,,4.7,21.0,4.617,69.02
186862,RWA,Rwanda,2022-03-14,1.0,0.0,0.8,6975.0,0.0008,1288.0,,4.7,21.0,4.617,69.02
186863,RWA,Rwanda,2022-03-15,8.0,0.0,0.83,6998.0,0.0009,1168.6,,4.7,21.0,4.617,69.02
186864,RWA,Rwanda,2022-03-16,5.0,0.0,0.87,6315.0,0.001,1012.0,,4.7,21.0,4.617,69.02
186865,RWA,Rwanda,2022-03-17,8.0,0.0,0.92,4921.0,0.001,973.2,,4.7,21.0,4.617,69.02
186866,RWA,Rwanda,2022-03-18,12.0,0.0,0.96,6844.0,0.001,1018.7,,4.7,21.0,4.617,69.02
186867,RWA,Rwanda,2022-03-19,2.0,0.0,0.98,7808.0,0.0009,1132.3,,4.7,21.0,4.617,69.02
186868,RWA,Rwanda,2022-03-20,10.0,0.0,1.02,9598.0,0.0009,1075.3,,4.7,21.0,4.617,69.02
186869,RWA,Rwanda,2022-03-21,11.0,0.0,1.03,9210.0,0.0011,923.1,,4.7,21.0,4.617,69.02
186870,RWA,Rwanda,2022-03-22,16.0,0.0,1.02,6567.0,0.0012,800.9,,4.7,21.0,4.617,69.02
186871,RWA,Rwanda,2022-03-23,19.0,0.0,0.98,7434.0,0.0015,671.5,,4.7,21.0,4.617,69.02
186872,RWA,Rwanda,2022-03-24,12.0,0.0,0.89,6798.0,0.0015,661.7,,4.7,21.0,4.617,69.02
186873,RWA,Rwanda,2022-03-25,1.0,0.0,0.79,7755.0,0.0013,777.0,,4.7,21.0,4.617,69.02
186874,RWA,Rwanda,2022-03-26,2.0,0.0,0.73,10481.0,0.0012,814.7,,4.7,21.0,4.617,69.02
186875,RWA,Rwanda,2022-03-27,1.0,0.0,0.69,10633.0,0.0011,949.6,,4.7,21.0,4.617,69.02
186876,RWA,Rwanda,2022-03-28,3.0,0.0,0.65,7798.0,0.0009,1064.2,,4.7,21.0,4.617,69.02
186877,RWA,Rwanda,2022-03-29,2.0,0.0,0.63,7235.0,0.0007,1453.4,,4.7,21.0,4.617,69.02
186878,RWA,Rwanda,2022-03-30,4.0,0.0,0.63,7625.0,0.0004,2333.2,,4.7,21.0,4.617,69.02
186879,RWA,Rwanda,2022-03-31,4.0,0.0,0.63,6348.0,0.0003,3403.9,,4.7,21.0,4.617,69.02
186880,RWA,Rwanda,2022-04-01,4.0,0.0,0.63,8364.0,0.0003,2924.4,,4.7,21.0,4.617,69.02
186881,RWA,Rwanda,2022-04-02,0.0,0.0,0.63,8546.0,0.0003,3142.0,,4.7,21.0,4.617,69.02
186882,RWA,Rwanda,2022-04-03,2.0,0.0,0.65,7915.0,0.0004,2833.5,,4.7,21.0,4.617,69.02
186883,RWA,Rwanda,2022-04-04,5.0,0.0,0.67,6113.0,0.0004,2483.0,,4.7,21.0,4.617,69.02
186884,RWA,Rwanda,2022-04-05,3.0,0.0,0.67,4689.0,0.0004,2254.5,,4.7,21.0,4.617,69.02
186885,RWA,Rwanda,2022-04-06,3.0,0.0,0.67,7150.0,0.0004,2339.3,,4.7,21.0,4.617,69.02
186886,RWA,Rwanda,2022-04-07,3.0,0.0,0.67,6082.0,0.0004,2443.1,,4.7,21.0,4.617,69.02
186887,RWA,Rwanda,2022-04-08,1.0,0.0,0.68,4922.0,0.0004,2671.1,,4.7,21.0,4.617,69.02
186888,RWA,Rwanda,2022-04-09,5.0,0.0,0.7,2782.0,0.0006,1802.4,,4.7,21.0,4.617,69.02
186889,RWA,Rwanda,2022-04-10,2.0,0.0,0.68,3485.0,0.0006,1601.0,,4.7,21.0,4.617,69.02
186890,RWA,Rwanda,2022-04-11,7.0,0.0,0.65,3823.0,0.0007,1372.1,,4.7,21.0,4.617,69.02
186891,RWA,Rwanda,2022-04-12,0.0,0.0,0.58,2691.0,0.0007,1473.0,,4.7,21.0,4.617,69.02
186892,RWA,Rwanda,2022-04-13,2.0,0.0,0.53,4372.0,0.0007,1407.8,,4.7,21.0,4.617,69.02
186893,RWA,Rwanda,2022-04-14,1.0,0.0,0.47,4235.0,0.0007,1462.1,,4.7,21.0,4.617,69.02
186894,RWA,Rwanda,2022-04-15,0.0,0.0,0.43,4578.0,0.0007,1527.0,,4.7,21.0,4.617,69.02
186895,RWA,Rwanda,2022-04-16,0.0,0.0,0.42,5496.0,0.0004,2390.3,,4.7,21.0,4.617,69.02
186896,RWA,Rwanda,2022-04-17,0.0,0.0,0.41,5073.0,0.0003,3025.9,,4.7,21.0,4.617,69.02
186897,RWA,Rwanda,2022-04-18,0.0,0.0,0.4,3416.0,0.0001,9944.1,,4.7,21.0,4.617,69.02
186898,RWA,Rwanda,2022-04-19,9.0,0.0,0.43,9688.0,0.0003,3071.8,,4.7,21.0,4.617,69.02
186899,RWA,Rwanda,2022-04-20,0.0,0.0,0.45,,0.0003,3571.7,,4.7,21.0,4.617,69.02
186900,RWA,Rwanda,2022-04-21,0.0,0.0,0.5,,0.0003,3858.5,,4.7,21.0,4.617,69.02
186901,RWA,Rwanda,2022-04-22,3.0,0.0,0.58,5746.0,0.0003,2991.8,,4.7,21.0,4.617,69.02
186902,RWA,Rwanda,2022-04-23,0.0,0.0,0.63,6883.0,0.0003,3107.9,,4.7,21.0,4.617,69.02
186903,RWA,Rwanda,2022-04-24,0.0,0.0,0.68,4808.0,0.0003,3085.8,,4.7,21.0,4.617,69.02
186904,RWA,Rwanda,2022-04-25,13.0,0.0,0.75,3018.0,0.0007,1465.1,,4.7,21.0,4.617,69.02
186905,RWA,Rwanda,2022-04-26,3.0,0.0,0.82,3714.0,0.0006,1613.1,,4.7,21.0,4.617,69.02
186906,RWA,Rwanda,2022-04-27,3.0,0.0,0.88,6291.0,0.0007,1531.7,,4.7,21.0,4.617,69.02
186907,RWA,Rwanda,2022-04-28,6.0,0.0,0.92,,0.0007,1417.8,,4.7,21.0,4.617,69.02
186908,RWA,Rwanda,2022-04-29,2.0,0.0,0.95,,0.0006,1599.4,,4.7,21.0,4.617,69.02
186909,RWA,Rwanda,2022-04-30,7.0,0.0,1.0,,0.0008,1194.2,,4.7,21.0,4.617,69.02
186910,RWA,Rwanda,2022-05-01,4.0,0.0,0.98,,0.0009,1055.1,,4.7,21.0,4.617,69.02
186911,RWA,Rwanda,2022-05-02,24.0,0.0,0.94,5220.0,0.0012,863.1,,4.7,21.0,4.617,69.02
186912,RWA,Rwanda,2022-05-03,0.0,0.0,0.9,3673.0,0.0011,918.6,,4.7,21.0,4.617,69.02
186913,RWA,Rwanda,2022-05-04,5.0,0.0,0.88,,0.0012,815.4,,4.7,21.0,4.617,69.02
186914,RWA,Rwanda,2022-05-05,4.0,0.0,0.86,,0.0014,719.2,,4.7,21.0,4.617,69.02
186915,RWA,Rwanda,2022-05-06,6.0,0.0,0.88,10075.0,0.0015,678.4,,4.7,21.0,4.617,69.02
186916,RWA,Rwanda,2022-05-07,0.0,0.0,0.89,,0.0013,757.6,,4.7,21.0,4.617,69.02
186917,RWA,Rwanda,2022-05-08,0.0,0.0,0.91,,0.0012,800.9,,4.7,21.0,4.617,69.02
186918,RWA,Rwanda,2022-05-09,23.0,0.0,0.96,4871.0,0.0012,812.7,,4.7,21.0,4.617,69.02
186919,RWA,Rwanda,2022-05-10,3.0,0.0,1.01,4615.0,0.0013,776.3,,4.7,21.0,4.617,69.02
186920,RWA,Rwanda,2022-05-11,0.0,0.0,1.07,6625.0,0.001,980.0,,4.7,21.0,4.617,69.02
186921,RWA,Rwanda,2022-05-12,23.0,0.0,1.16,5006.0,0.0015,674.7,,4.7,21.0,4.617,69.02
186922,RWA,Rwanda,2022-05-13,0.0,0.0,1.15,6102.0,0.0015,676.1,,4.7,21.0,4.617,69.02
186923,RWA,Rwanda,2022-05-14,9.0,0.0,1.19,6702.0,0.0016,635.8,,4.7,21.0,4.617,69.02
186924,RWA,Rwanda,2022-05-15,3.0,0.0,1.21,7651.0,0.0015,681.5,,4.7,21.0,4.617,69.02
186925,RWA,Rwanda,2022-05-16,21.0,0.0,1.24,4761.0,0.0014,702.7,,4.7,21.0,4.617,69.02
186926,RWA,Rwanda,2022-05-17,0.0,0.0,1.21,4657.0,0.0013,741.1,,4.7,21.0,4.617,69.02
186927,RWA,Rwanda,2022-05-18,11.0,0.0,1.22,5866.0,0.0016,608.2,,4.7,21.0,4.617,69.02
186928,RWA,Rwanda,2022-05-19,9.0,0.0,1.2,5007.0,0.0013,768.9,,4.7,21.0,4.617,69.02
186929,RWA,Rwanda,2022-05-20,19.0,0.0,1.23,4598.0,0.0018,545.0,,4.7,21.0,4.617,69.02
186930,RWA,Rwanda,2022-05-21,1.0,0.0,1.2,6910.0,0.0016,616.4,,4.7,21.0,4.617,69.02
186931,RWA,Rwanda,2022-05-22,7.0,0.0,1.2,6777.0,0.0018,567.3,,4.7,21.0,4.617,69.02
186932,RWA,Rwanda,2022-05-23,10.0,0.0,1.19,4726.0,0.0015,676.2,,4.7,21.0,4.617,69.02
186933,RWA,Rwanda,2022-05-24,15.0,0.0,1.22,4292.0,0.0019,530.2,,4.7,21.0,4.617,69.02
186934,RWA,Rwanda,2022-05-25,10.0,0.0,1.21,4863.0,0.0019,523.5,,4.7,21.0,4.617,69.02
186935,RWA,Rwanda,2022-05-26,10.0,0.0,1.19,3877.0,0.002,500.6,,4.7,21.0,4.617,69.02
186936,RWA,Rwanda,2022-05-27,3.0,0.0,1.21,5399.0,0.0015,657.9,,4.7,21.0,4.617,69.02
186937,RWA,Rwanda,2022-05-28,0.0,0.0,1.27,5739.0,0.0015,648.6,,4.7,21.0,4.617,69.02
186938,RWA,Rwanda,2022-05-29,0.0,0.0,1.37,6430.0,0.0014,736.0,,4.7,21.0,4.617,69.02
186939,RWA,Rwanda,2022-05-30,26.0,0.0,1.5,5345.0,0.0018,561.6,,4.7,21.0,4.617,69.02
186940,RWA,Rwanda,2022-05-31,5.0,0.0,1.55,3325.0,0.0015,647.8,,4.7,21.0,4.617,69.02
186941,RWA,Rwanda,2022-06-01,4.0,0.0,1.64,4441.0,0.0014,720.0,,4.7,21.0,4.617,69.02
186942,RWA,Rwanda,2022-06-02,55.0,0.0,1.76,3773.0,0.0027,370.5,,4.7,21.0,4.617,69.02
186943,RWA,Rwanda,2022-06-03,25.0,0.0,1.7,5622.0,0.0033,301.5,,4.7,21.0,4.617,69.02
186944,RWA,Rwanda,2022-06-04,18.0,0.0,1.62,5102.0,0.0039,255.9,,4.7,21.0,4.617,69.02
186945,RWA,Rwanda,2022-06-05,21.0,0.0,1.55,4832.0,0.0047,210.6,,4.7,21.0,4.617,69.02
186946,RWA,Rwanda,2022-06-06,17.0,0.0,1.48,5185.0,0.0045,222.6,,4.7,21.0,4.617,69.02
186947,RWA,Rwanda,2022-06-07,18.0,0.0,1.45,4746.0,0.0047,213.3,,4.7,21.0,4.617,69.02
186948,RWA,Rwanda,2022-06-08,25.0,0.0,1.43,10370.0,0.0045,221.4,,4.7,21.0,4.617,69.02
186949,RWA,Rwanda,2022-06-09,38.0,0.0,1.4,,0.0043,235.1,,4.7,21.0,4.617,69.02
186950,RWA,Rwanda,2022-06-10,16.0,0.0,1.38,,0.0044,226.7,,4.7,21.0,4.617,69.02
186951,RWA,Rwanda,2022-06-11,25.0,0.0,1.37,5912.0,0.0045,221.9,,4.7,21.0,4.617,69.02
186952,RWA,Rwanda,2022-06-12,26.0,0.0,1.36,11593.0,0.0039,256.2,,4.7,21.0,4.617,69.02
186953,RWA,Rwanda,2022-06-13,30.0,0.0,1.33,,0.0044,228.5,,4.7,21.0,4.617,69.02
186954,RWA,Rwanda,2022-06-14,38.0,0.0,1.33,,0.005,199.6,,4.7,21.0,4.617,69.02
186955,RWA,Rwanda,2022-06-15,30.0,0.0,1.3,,0.0066,151.7,,4.7,21.0,4.617,69.02
186956,RWA,Rwanda,2022-06-16,29.0,0.0,1.27,,0.0064,155.8,,4.7,21.0,4.617,69.02
186957,RWA,Rwanda,2022-06-17,38.0,0.0,1.27,3888.0,0.0068,147.6,,4.7,21.0,4.617,69.02
186958,RWA,Rwanda,2022-06-18,21.0,0.0,1.26,4375.0,0.007,143.1,,4.7,21.0,4.617,69.02
186959,RWA,Rwanda,2022-06-19,37.0,0.0,1.26,6541.0,0.0088,113.4,,4.7,21.0,4.617,69.02
186960,RWA,Rwanda,2022-06-20,40.0,0.0,1.25,5778.0,0.0085,117.9,,4.7,21.0,4.617,69.02
186961,RWA,Rwanda,2022-06-21,38.0,0.0,1.24,3158.0,0.0086,116.0,,4.7,21.0,4.617,69.02
186962,RWA,Rwanda,2022-06-22,39.0,0.0,1.22,5047.0,0.008,125.7,,4.7,21.0,4.617,69.02
186963,RWA,Rwanda,2022-06-23,38.0,0.0,1.21,3839.0,0.0077,130.0,,4.7,21.0,4.617,69.02
186964,RWA,Rwanda,2022-06-24,26.0,0.0,1.21,,,,,4.7,21.0,4.617,69.02
186965,RWA,Rwanda,2022-06-25,38.0,0.0,1.23,,,,,4.7,21.0,4.617,69.02
186966,RWA,Rwanda,2022-06-26,32.0,0.0,1.24,,,,,4.7,21.0,4.617,69.02
186967,RWA,Rwanda,2022-06-27,40.0,0.0,1.25,,,,,4.7,21.0,4.617,69.02
186968,RWA,Rwanda,2022-06-28,43.0,0.0,1.26,,,,,4.7,21.0,4.617,69.02
186969,RWA,Rwanda,2022-06-29,50.0,0.0,1.28,,,,,4.7,21.0,4.617,69.02
186970,RWA,Rwanda,2022-06-30,69.0,1.0,1.3,,,,,4.7,21.0,4.617,69.02
186971,RWA,Rwanda,2022-07-01,63.0,0.0,1.3,,,,,4.7,21.0,4.617,69.02
186972,RWA,Rwanda,2022-07-02,70.0,0.0,1.29,,,,,4.7,21.0,4.617,69.02
186973,RWA,Rwanda,2022-07-03,79.0,0.0,1.26,,,,,4.7,21.0,4.617,69.02
186974,RWA,Rwanda,2022-07-04,37.0,0.0,1.21,,,,,4.7,21.0,4.617,69.02
186975,RWA,Rwanda,2022-07-05,77.0,1.0,1.18,,,,,4.7,21.0,4.617,69.02
186976,RWA,Rwanda,2022-07-06,73.0,0.0,1.14,,,,,4.7,21.0,4.617,69.02
186977,RWA,Rwanda,2022-07-07,70.0,0.0,1.09,,,,,4.7,21.0,4.617,69.02
186978,RWA,Rwanda,2022-07-08,76.0,0.0,1.05,,,,,4.7,21.0,4.617,69.02
186979,RWA,Rwanda,2022-07-09,64.0,0.0,1.0,,,,,4.7,21.0,4.617,69.02
186980,RWA,Rwanda,2022-07-10,38.0,0.0,0.93,,,,,4.7,21.0,4.617,69.02
186981,RWA,Rwanda,2022-07-11,23.0,0.0,0.87,,,,,4.7,21.0,4.617,69.02
186982,RWA,Rwanda,2022-07-12,43.0,1.0,0.84,,,,,4.7,21.0,4.617,69.02
186983,RWA,Rwanda,2022-07-13,32.0,0.0,0.81,,,,,4.7,21.0,4.617,69.02
186984,RWA,Rwanda,2022-07-14,42.0,0.0,0.79,,,,,4.7,21.0,4.617,69.02
186985,RWA,Rwanda,2022-07-15,24.0,0.0,0.77,,,,,4.7,21.0,4.617,69.02
186986,RWA,Rwanda,2022-07-16,25.0,2.0,0.77,,,,,4.7,21.0,4.617,69.02
186987,RWA,Rwanda,2022-07-17,23.0,0.0,0.77,,,,,4.7,21.0,4.617,69.02
186988,RWA,Rwanda,2022-07-18,26.0,0.0,0.76,,,,,4.7,21.0,4.617,69.02
186989,RWA,Rwanda,2022-07-19,38.0,2.0,0.77,,,,,4.7,21.0,4.617,69.02
186990,RWA,Rwanda,2022-07-20,6.0,0.0,0.77,,,,,4.7,21.0,4.617,69.02
186991,RWA,Rwanda,2022-07-21,20.0,0.0,0.79,,,,,4.7,21.0,4.617,69.02
186992,RWA,Rwanda,2022-07-22,58.0,0.0,0.84,,,,,4.7,21.0,4.617,69.02
186993,RWA,Rwanda,2022-07-23,16.0,0.0,0.84,,,,,4.7,21.0,4.617,69.02
186994,RWA,Rwanda,2022-07-24,13.0,0.0,0.84,,,,,4.7,21.0,4.617,69.02
186995,RWA,Rwanda,2022-07-25,64.0,0.0,0.85,,,,,4.7,21.0,4.617,69.02
186996,RWA,Rwanda,2022-07-26,50.0,0.0,0.81,,,,,4.7,21.0,4.617,69.02
186997,RWA,Rwanda,2022-07-27,27.0,0.0,0.76,,,,,4.7,21.0,4.617,69.02
186998,RWA,Rwanda,2022-07-28,13.0,0.0,0.7,,,,,4.7,21.0,4.617,69.02
186999,RWA,Rwanda,2022-07-29,25.0,0.0,0.66,,,,,4.7,21.0,4.617,69.02
187000,RWA,Rwanda,2022-07-30,0.0,0.0,0.62,,,,,4.7,21.0,4.617,69.02
187001,RWA,Rwanda,2022-07-31,3.0,0.0,0.59,,,,,4.7,21.0,4.617,69.02
187002,RWA,Rwanda,2022-08-01,3.0,0.0,0.58,,,,,4.7,21.0,4.617,69.02
187003,RWA,Rwanda,2022-08-02,25.0,0.0,0.59,,,,,4.7,21.0,4.617,69.02
187004,RWA,Rwanda,2022-08-03,13.0,0.0,0.58,,,,,4.7,21.0,4.617,69.02
187005,RWA,Rwanda,2022-08-04,5.0,0.0,0.57,,,,,4.7,21.0,4.617,69.02
187006,RWA,Rwanda,2022-08-05,14.0,0.0,0.57,,,,,4.7,21.0,4.617,69.02
187007,RWA,Rwanda,2022-08-06,0.0,0.0,0.57,,,,,4.7,21.0,4.617,69.02
187008,RWA,Rwanda,2022-08-07,0.0,0.0,0.59,,,,,4.7,21.0,4.617,69.02
187009,RWA,Rwanda,2022-08-08,27.0,0.0,0.61,,,,,4.7,21.0,4.617,69.02
187010,RWA,Rwanda,2022-08-09,0.0,0.0,0.58,,,,,4.7,21.0,4.617,69.02
187011,RWA,Rwanda,2022-08-10,5.0,0.0,0.58,,,,,4.7,21.0,4.617,69.02
187012,RWA,Rwanda,2022-08-11,5.0,0.0,0.59,,,,,4.7,21.0,4.617,69.02
187013,RWA,Rwanda,2022-08-12,7.0,0.0,0.61,,,,,4.7,21.0,4.617,69.02
187014,RWA,Rwanda,2022-08-13,11.0,0.0,0.64,,,,,4.7,21.0,4.617,69.02
187015,RWA,Rwanda,2022-08-14,3.0,0.0,0.63,,,,,4.7,21.0,4.617,69.02
187016,RWA,Rwanda,2022-08-15,5.0,0.0,0.62,,,,,4.7,21.0,4.617,69.02
187017,RWA,Rwanda,2022-08-16,5.0,0.0,0.62,,,,,4.7,21.0,4.617,69.02
187018,RWA,Rwanda,2022-08-17,3.0,0.0,0.64,,,,,4.7,21.0,4.617,69.02
187019,RWA,Rwanda,2022-08-18,6.0,0.0,0.66,,,,,4.7,21.0,4.617,69.02
187020,RWA,Rwanda,2022-08-19,9.0,0.0,0.69,,,,,4.7,21.0,4.617,69.02
187021,RWA,Rwanda,2022-08-20,1.0,0.0,0.69,,,,,4.7,21.0,4.617,69.02
187022,RWA,Rwanda,2022-08-21,4.0,0.0,0.7,,,,,4.7,21.0,4.617,69.02
187023,RWA,Rwanda,2022-08-22,1.0,0.0,0.71,,,,,4.7,21.0,4.617,69.02
187024,RWA,Rwanda,2022-08-23,7.0,0.0,0.74,,,,,4.7,21.0,4.617,69.02
187025,RWA,Rwanda,2022-08-24,3.0,0.0,0.76,,,,,4.7,21.0,4.617,69.02
187026,RWA,Rwanda,2022-08-25,7.0,0.0,0.8,,,,,4.7,21.0,4.617,69.02
187027,RWA,Rwanda,2022-08-26,4.0,0.0,0.81,,,,,4.7,21.0,4.617,69.02
187028,RWA,Rwanda,2022-08-27,2.0,0.0,0.83,,,,,4.7,21.0,4.617,69.02
187029,RWA,Rwanda,2022-08-28,1.0,0.0,0.85,,,,,4.7,21.0,4.617,69.02
187030,RWA,Rwanda,2022-08-29,6.0,0.0,0.9,,,,,4.7,21.0,4.617,69.02
187031,RWA,Rwanda,2022-08-30,6.0,0.0,0.92,,,,,4.7,21.0,4.617,69.02
187032,RWA,Rwanda,2022-08-31,12.0,0.0,0.94,,,,,4.7,21.0,4.617,69.02
187033,RWA,Rwanda,2022-09-01,4.0,0.0,0.9,,,,,4.7,21.0,4.617,69.02
187034,RWA,Rwanda,2022-09-02,5.0,0.0,0.86,,,,,4.7,21.0,4.617,69.02
187035,RWA,Rwanda,2022-09-03,1.0,0.0,0.83,,,,,4.7,21.0,4.617,69.02
187036,RWA,Rwanda,2022-09-04,4.0,0.0,0.8,,,,,4.7,21.0,4.617,69.02
187037,RWA,Rwanda,2022-09-05,2.0,0.0,0.77,,,,,4.7,21.0,4.617,69.02
187038,RWA,Rwanda,2022-09-06,3.0,0.0,0.77,,,,,4.7,21.0,4.617,69.02
187039,RWA,Rwanda,2022-09-07,8.0,0.0,0.76,,,,,4.7,21.0,4.617,69.02
187040,RWA,Rwanda,2022-09-08,5.0,0.0,0.72,,,,,4.7,21.0,4.617,69.02
187041,RWA,Rwanda,2022-09-09,1.0,0.0,0.66,,,,,4.7,21.0,4.617,69.02
187042,RWA,Rwanda,2022-09-10,0.0,0.0,0.62,,,,,4.7,21.0,4.617,69.02
187043,RWA,Rwanda,2022-09-11,0.0,0.0,0.59,,,,,4.7,21.0,4.617,69.02
187044,RWA,Rwanda,2022-09-12,2.0,0.0,0.58,,,,,4.7,21.0,4.617,69.02
187045,RWA,Rwanda,2022-09-13,1.0,0.0,0.58,,,,,4.7,21.0,4.617,69.02
187046,RWA,Rwanda,2022-09-14,3.0,0.0,0.59,,,,,4.7,21.0,4.617,69.02
187047,RWA,Rwanda,2022-09-15,2.0,0.0,0.59,,,,,4.7,21.0,4.617,69.02
187048,RWA,Rwanda,2022-09-16,1.0,0.0,0.58,,,,,4.7,21.0,4.617,69.02
187049,RWA,Rwanda,2022-09-17,2.0,0.0,0.58,,,,,4.7,21.0,4.617,69.02
187050,RWA,Rwanda,2022-09-18,3.0,0.0,0.55,,,,,4.7,21.0,4.617,69.02
187051,RWA,Rwanda,2022-09-19,0.0,0.0,0.48,,,,,4.7,21.0,4.617,69.02
187052,RWA,Rwanda,2022-09-20,35.0,0.0,0.44,,,,,4.7,21.0,4.617,69.02
187053,RWA,Rwanda,2022-09-21,0.0,0.0,0.41,,,,,4.7,21.0,4.617,69.02
187054,RWA,Rwanda,2022-09-22,0.0,0.0,0.4,,,,,4.7,21.0,4.617,69.02
187055,RWA,Rwanda,2022-09-23,0.0,0.0,0.4,,,,,4.7,21.0,4.617,69.02
187056,RWA,Rwanda,2022-09-24,0.0,0.0,0.41,,,,,4.7,21.0,4.617,69.02
187057,RWA,Rwanda,2022-09-25,0.0,0.0,0.44,,,,,4.7,21.0,4.617,69.02
187058,RWA,Rwanda,2022-09-26,,0.0,0.48,,,,,4.7,21.0,4.617,69.02
187059,RWA,Rwanda,2022-09-27,1.0,0.0,0.51,,,,,4.7,21.0,4.617,69.02
187060,RWA,Rwanda,2022-09-28,0.0,0.0,0.55,,,,,4.7,21.0,4.617,69.02
187061,RWA,Rwanda,2022-09-29,2.0,0.0,0.62,,,,,4.7,21.0,4.617,69.02
187062,RWA,Rwanda,2022-09-30,2.0,0.0,0.68,,,,,4.7,21.0,4.617,69.02
187063,RWA,Rwanda,2022-10-01,1.0,0.0,0.71,,,,,4.7,21.0,4.617,69.02
187064,RWA,Rwanda,2022-10-02,2.0,0.0,0.74,,,,,4.7,21.0,4.617,69.02
187065,RWA,Rwanda,2022-10-03,1.0,1.0,0.76,,,,,4.7,21.0,4.617,69.02
187066,RWA,Rwanda,2022-10-04,0.0,0.0,0.8,,,,,4.7,21.0,4.617,69.02
187067,RWA,Rwanda,2022-10-05,3.0,0.0,0.87,,,,,4.7,21.0,4.617,69.02
187068,RWA,Rwanda,2022-10-06,1.0,0.0,0.91,,,,,4.7,21.0,4.617,69.02
187069,RWA,Rwanda,2022-10-07,0.0,0.0,0.96,,,,,4.7,21.0,4.617,69.02
187070,RWA,Rwanda,2022-10-08,3.0,0.0,1.05,,,,,4.7,21.0,4.617,69.02
187071,RWA,Rwanda,2022-10-09,1.0,0.0,1.08,,,,,4.7,21.0,4.617,69.02
187072,RWA,Rwanda,2022-10-10,6.0,0.0,1.12,,,,,4.7,21.0,4.617,69.02
187073,RWA,Rwanda,2022-10-11,5.0,0.0,1.06,,,,,4.7,21.0,4.617,69.02
187074,RWA,Rwanda,2022-10-12,0.0,0.0,0.95,,,,,4.7,21.0,4.617,69.02
187075,RWA,Rwanda,2022-10-13,2.0,0.0,0.88,,,,,4.7,21.0,4.617,69.02
187076,RWA,Rwanda,2022-10-14,1.0,0.0,0.82,,,,,4.7,21.0,4.617,69.02
187077,RWA,Rwanda,2022-10-15,0.0,0.0,0.76,,,,,4.7,21.0,4.617,69.02
187078,RWA,Rwanda,2022-10-16,2.0,0.0,0.72,,,,,4.7,21.0,4.617,69.02
187079,RWA,Rwanda,2022-10-17,2.0,0.0,0.66,,,,,4.7,21.0,4.617,69.02
187080,RWA,Rwanda,2022-10-18,0.0,0.0,0.6,,,,,4.7,21.0,4.617,69.02
187081,RWA,Rwanda,2022-10-19,3.0,0.0,0.56,,,,,4.7,21.0,4.617,69.02
187082,RWA,Rwanda,2022-10-20,0.0,0.0,0.47,,,,,4.7,21.0,4.617,69.02
187083,RWA,Rwanda,2022-10-21,0.0,0.0,0.4,,,,,4.7,21.0,4.617,69.02
187084,RWA,Rwanda,2022-10-22,0.0,0.0,0.34,,,,,4.7,21.0,4.617,69.02
187085,RWA,Rwanda,2022-10-23,0.0,0.0,0.29,,,,,4.7,21.0,4.617,69.02
187086,RWA,Rwanda,2022-10-24,23.0,0.0,0.24,,,,,4.7,21.0,4.617,69.02
187087,RWA,Rwanda,2022-10-25,0.0,0.0,0.19,,,,,4.7,21.0,4.617,69.02
187088,RWA,Rwanda,2022-10-26,0.0,0.0,0.16,,,,,4.7,21.0,4.617,69.02
187089,RWA,Rwanda,2022-10-27,0.0,0.0,0.14,,,,,4.7,21.0,4.617,69.02
187090,RWA,Rwanda,2022-10-28,0.0,0.0,0.12,,,,,4.7,21.0,4.617,69.02
187091,RWA,Rwanda,2022-10-29,0.0,0.0,0.1,,,,,4.7,21.0,4.617,69.02
187092,RWA,Rwanda,2022-10-30,28.0,0.0,0.08,,,,,4.7,21.0,4.617,69.02
187093,RWA,Rwanda,2022-10-31,0.0,0.0,0.06,,,,,4.7,21.0,4.617,69.02
187094,RWA,Rwanda,2022-11-01,0.0,0.0,0.04,,,,,4.7,21.0,4.617,69.02
187095,RWA,Rwanda,2022-11-02,0.0,0.0,0.05,,,,,4.7,21.0,4.617,69.02
187096,RWA,Rwanda,2022-11-03,0.0,0.0,0.05,,,,,4.7,21.0,4.617,69.02
187097,RWA,Rwanda,2022-11-04,0.0,0.0,0.06,,,,,4.7,21.0,4.617,69.02
187098,RWA,Rwanda,2022-11-05,0.0,0.0,0.06,,,,,4.7,21.0,4.617,69.02
187099,RWA,Rwanda,2022-11-06,0.0,0.0,0.05,,,,,4.7,21.0,4.617,69.02
187100,RWA,Rwanda,2022-11-07,0.0,0.0,0.05,,,,,4.7,21.0,4.617,69.02
187101,RWA,Rwanda,2022-11-08,27.0,0.0,0.05,,,,,4.7,21.0,4.617,69.02
187102,RWA,Rwanda,2022-11-09,0.0,0.0,0.05,,,,,4.7,21.0,4.617,69.02
187103,RWA,Rwanda,2022-11-10,0.0,0.0,0.05,,,,,4.7,21.0,4.617,69.02
187104,RWA,Rwanda,2022-11-11,0.0,0.0,0.05,,,,,4.7,21.0,4.617,69.02
187105,RWA,Rwanda,2022-11-12,0.0,0.0,0.05,,,,,4.7,21.0,4.617,69.02
187106,RWA,Rwanda,2022-11-13,0.0,0.0,0.04,,,,,4.7,21.0,4.617,69.02
187107,RWA,Rwanda,2022-11-14,32.0,0.0,0.03,,,,,4.7,21.0,4.617,69.02
187108,RWA,Rwanda,2022-11-15,0.0,0.0,0.01,,,,,4.7,21.0,4.617,69.02
187109,RWA,Rwanda,2022-11-16,0.0,0.0,0.02,,,,,4.7,21.0,4.617,69.02
187110,RWA,Rwanda,2022-11-17,0.0,0.0,0.03,,,,,4.7,21.0,4.617,69.02
187111,RWA,Rwanda,2022-11-18,0.0,0.0,0.04,,,,,4.7,21.0,4.617,69.02
187112,RWA,Rwanda,2022-11-19,0.0,0.0,0.04,,,,,4.7,21.0,4.617,69.02
187113,RWA,Rwanda,2022-11-20,0.0,0.0,0.04,,,,,4.7,21.0,4.617,69.02
187114,RWA,Rwanda,2022-11-21,0.0,0.0,0.03,,,,,4.7,21.0,4.617,69.02
187115,RWA,Rwanda,2022-11-22,0.0,0.0,0.03,,,,,4.7,21.0,4.617,69.02
187116,RWA,Rwanda,2022-11-23,38.0,0.0,0.05,,,,,4.7,21.0,4.617,69.02
187117,RWA,Rwanda,2022-11-24,0.0,0.0,0.07,,,,,4.7,21.0,4.617,69.02
187118,RWA,Rwanda,2022-11-25,0.0,0.0,0.1,,,,,4.7,21.0,4.617,69.02
187119,RWA,Rwanda,2022-11-26,0.0,0.0,0.12,,,,,4.7,21.0,4.617,69.02
187120,RWA,Rwanda,2022-11-27,0.0,0.0,0.13,,,,,4.7,21.0,4.617,69.02
187121,RWA,Rwanda,2022-11-28,0.0,0.0,0.15,,,,,4.7,21.0,4.617,69.02
187122,RWA,Rwanda,2022-11-29,0.0,0.0,0.16,,,,,4.7,21.0,4.617,69.02
187123,RWA,Rwanda,2022-11-30,81.0,0.0,0.23,,,,,4.7,21.0,4.617,69.02
187124,RWA,Rwanda,2022-12-01,0.0,0.0,0.29,,,,,4.7,21.0,4.617,69.02
187125,RWA,Rwanda,2022-12-02,0.0,0.0,0.36,,,,,4.7,21.0,4.617,69.02
187126,RWA,Rwanda,2022-12-03,0.0,0.0,0.44,,,,,4.7,21.0,4.617,69.02
187127,RWA,Rwanda,2022-12-04,0.0,0.0,0.53,,,,,4.7,21.0,4.617,69.02
187128,RWA,Rwanda,2022-12-05,0.0,0.0,0.64,,,,,4.7,21.0,4.617,69.02
187129,RWA,Rwanda,2022-12-06,49.0,0.0,0.76,,,,,4.7,21.0,4.617,69.02
187130,RWA,Rwanda,2022-12-07,0.0,0.0,0.64,,,,,4.7,21.0,4.617,69.02
187131,RWA,Rwanda,2022-12-08,0.0,0.0,0.53,,,,,4.7,21.0,4.617,69.02
187132,RWA,Rwanda,2022-12-09,0.0,0.0,0.44,,,,,4.7,21.0,4.617,69.02
187133,RWA,Rwanda,2022-12-10,0.0,0.0,0.37,,,,,4.7,21.0,4.617,69.02
187134,RWA,Rwanda,2022-12-11,0.0,0.0,0.3,,,,,4.7,21.0,4.617,69.02
187135,RWA,Rwanda,2022-12-12,0.0,0.0,0.24,,,,,4.7,21.0,4.617,69.02
187136,RWA,Rwanda,2022-12-13,0.0,0.0,0.18,,,,,4.7,21.0,4.617,69.02
187137,RWA,Rwanda,2022-12-14,0.0,0.0,0.18,,,,,4.7,21.0,4.617,69.02
187138,RWA,Rwanda,2022-12-15,0.0,0.0,0.17,,,,,4.7,21.0,4.617,69.02
187139,RWA,Rwanda,2022-12-16,0.0,0.0,0.16,,,,,4.7,21.0,4.617,69.02
187140,RWA,Rwanda,2022-12-17,0.0,0.0,0.15,,,,,4.7,21.0,4.617,69.02
187141,RWA,Rwanda,2022-12-18,0.0,0.0,0.15,,,,,4.7,21.0,4.617,69.02
187142,RWA,Rwanda,2022-12-19,0.0,0.0,0.14,,,,,4.7,21.0,4.617,69.02
187143,RWA,Rwanda,2022-12-20,109.0,0.0,0.14,,,,,4.7,21.0,4.617,69.02
187144,RWA,Rwanda,2022-12-21,0.0,0.0,0.13,,,,,4.7,21.0,4.617,69.02
187145,RWA,Rwanda,2022-12-22,0.0,0.0,0.12,,,,,4.7,21.0,4.617,69.02
187146,RWA,Rwanda,2022-12-23,0.0,0.0,0.11,,,,,4.7,21.0,4.617,69.02
187147,RWA,Rwanda,2022-12-24,0.0,0.0,0.09,,,,,4.7,21.0,4.617,69.02
187148,RWA,Rwanda,2022-12-25,0.0,0.0,0.08,,,,,4.7,21.0,4.617,69.02
187149,RWA,Rwanda,2022-12-26,0.0,0.0,0.06,,,,,4.7,21.0,4.617,69.02
187150,RWA,Rwanda,2022-12-27,0.0,0.0,0.04,,,,,4.7,21.0,4.617,69.02
187151,RWA,Rwanda,2022-12-28,0.0,0.0,0.05,,,,,4.7,21.0,4.617,69.02
187152,RWA,Rwanda,2022-12-29,0.0,0.0,0.07,,,,,4.7,21.0,4.617,69.02
187153,RWA,Rwanda,2022-12-30,0.0,0.0,0.08,,,,,4.7,21.0,4.617,69.02
187154,RWA,Rwanda,2022-12-31,0.0,0.0,0.08,,,,,4.7,21.0,4.617,69.02
187155,RWA,Rwanda,2023-01-01,0.0,0.0,0.09,,,,,4.7,21.0,4.617,69.02
187156,RWA,Rwanda,2023-01-02,0.0,0.0,0.09,,,,,4.7,21.0,4.617,69.02
187157,RWA,Rwanda,2023-01-03,113.0,1.0,,,,,,4.7,21.0,4.617,69.02
187158,RWA,Rwanda,2023-01-04,0.0,0.0,,,,,,4.7,21.0,4.617,69.02
187159,RWA,Rwanda,2023-01-05,0.0,0.0,,,,,,4.7,21.0,4.617,69.02
187160,RWA,Rwanda,2023-01-06,0.0,0.0,,,,,,4.7,21.0,4.617,69.02
187161,RWA,Rwanda,2023-01-07,0.0,0.0,,,,,,4.7,21.0,4.617,69.02
187162,RWA,Rwanda,2023-01-08,0.0,0.0,,,,,,4.7,21.0,4.617,69.02
187163,RWA,Rwanda,2023-01-09,30.0,0.0,,,,,,4.7,21.0,4.617,69.02
187164,RWA,Rwanda,2023-01-10,0.0,0.0,,,,,,4.7,21.0,4.617,69.02
187165,RWA,Rwanda,2023-01-11,0.0,0.0,,,,,,4.7,21.0,4.617,69.02
187166,RWA,Rwanda,2023-01-12,0.0,0.0,,,,,,4.7,21.0,4.617,69.02
187167,RWA,Rwanda,2023-01-13,0.0,0.0,,,,,,4.7,21.0,4.617,69.02
187168,RWA,Rwanda,2023-01-14,0.0,0.0,,,,,,4.7,21.0,4.617,69.02
187169,RWA,Rwanda,2023-01-15,0.0,0.0,,,,,,4.7,21.0,4.617,69.02
187170,RWA,Rwanda,2023-01-16,0.0,0.0,,,,,,4.7,21.0,4.617,69.02
187171,RWA,Rwanda,2023-01-17,15.0,0.0,,,,,,4.7,21.0,4.617,69.02
